checkpoint_time,wait_time,vehicles_in_queue
2025-09-09 15:02:19,50261,0
2025-09-09 16:02:23,46663,0
2025-09-09 17:02:27,43064,0
2025-09-09 18:03:10,39463,0
2025-09-09 19:01:58,35927,0
2025-09-09 20:02:21,32264,0
2025-09-09 21:02:04,28721,0
2025-09-09 22:02:06,25122,0
2025-09-09 23:02:12,21517,0
2025-09-10 00:08:24,17507,0
2025-09-10 01:29:57,12643,0
2025-09-10 02:25:44,9267,0
2025-09-10 03:10:27,6576,0
2025-09-10 04:02:23,3466,0
2025-09-10 06:03:25,0,0
2025-09-10 07:02:18,0,0
2025-09-10 08:02:49,0,0
2025-09-10 09:02:21,0,0
2025-09-10 10:02:27,0,0
2025-09-10 11:02:11,0,0
2025-09-10 12:03:41,0,0
2025-09-10 13:08:25,0,0
2025-09-10 14:02:10,0,0
2025-09-10 15:02:21,0,0
2025-09-10 16:02:34,0,0
2025-09-10 17:02:09,0,0
2025-09-10 18:02:41,0,0
2025-09-10 19:02:18,0,0
2025-09-10 20:02:19,0,0
2025-09-10 21:02:17,0,0
2025-09-10 22:02:04,0,0
2025-09-10 23:02:15,0,0
2025-09-11 00:08:37,0,0
2025-09-11 01:29:59,0,0
2025-09-11 02:27:53,0,0
2025-09-11 03:14:07,0,0
2025-09-11 04:02:23,0,0
2025-09-11 05:02:20,0,0
2025-09-11 06:03:33,0,0
2025-09-11 07:02:25,0,0
2025-09-11 08:02:53,0,0
2025-09-11 09:02:20,0,0
2025-09-11 10:02:19,0,0
2025-09-11 11:02:02,0,0
2025-09-11 12:03:45,0,0
2025-09-11 13:08:01,0,0
2025-09-11 14:02:22,0,0
2025-09-11 15:02:13,0,0
2025-09-11 16:02:20,0,0
2025-09-11 17:02:08,0,0
2025-09-11 18:02:25,0,0
2025-09-11 19:02:05,0,0
2025-09-11 20:02:19,0,0
2025-09-11 21:02:02,0,0
2025-09-11 22:02:06,0,0
2025-09-11 23:02:05,0,0
2025-09-12 00:08:34,0,0
2025-09-12 01:29:45,0,0
2025-09-12 02:26:01,0,0
2025-09-12 03:09:42,0,0
2025-09-12 04:02:29,0,0
2025-09-12 05:02:13,0,0
2025-09-12 06:03:18,0,0
2025-09-12 07:02:07,0,0
2025-09-12 08:02:43,0,0
2025-09-12 09:02:20,0,0
2025-09-12 10:02:14,0,0
2025-09-12 11:02:13,0,0
2025-09-12 12:03:39,0,0
2025-09-12 13:07:27,0,0
2025-09-12 14:02:13,0,0
2025-09-12 15:02:21,0,0
2025-09-12 16:02:21,0,0
2025-09-12 17:02:06,0,0
2025-09-12 18:02:59,0,0
2025-09-12 19:01:59,0,0
2025-09-12 20:02:18,0,0
2025-09-12 21:02:06,0,0
2025-09-12 22:02:12,0,0
2025-09-12 23:02:08,0,0
2025-09-13 00:08:05,0,0
2025-09-13 01:29:16,0,0
2025-09-13 02:21:11,0,0
2025-09-13 03:05:50,0,0
2025-09-13 04:02:18,0,0
2025-09-13 05:02:09,0,0
2025-09-13 06:03:11,0,0
2025-09-13 07:02:05,0,0
2025-09-13 08:02:23,0,0
2025-09-13 09:02:15,0,0
2025-09-13 10:02:05,0,0
2025-09-13 11:02:05,0,0
2025-09-13 12:03:19,0,0
2025-09-13 13:04:43,0,0
2025-09-13 14:02:10,0,0
2025-09-13 15:01:59,0,0
2025-09-13 16:02:13,0,0
2025-09-13 17:01:52,0,0
2025-09-13 18:02:19,0,0
2025-09-13 19:02:00,0,0
2025-09-13 20:02:11,0,0
2025-09-13 21:02:01,0,0
2025-09-13 22:02:07,0,0
2025-09-13 23:02:03,0,0
2025-09-14 00:09:31,0,0
2025-09-14 01:29:36,0,0
2025-09-14 02:29:01,0,0
2025-09-14 03:15:14,0,0
2025-09-14 04:02:21,0,0
2025-09-14 05:02:09,0,0
2025-09-14 06:03:07,0,0
2025-09-14 07:02:11,0,0
2025-09-14 08:02:26,0,0
2025-09-14 09:02:03,0,0
2025-09-14 10:02:02,0,0
2025-09-14 11:01:56,0,0
2025-09-14 12:03:26,0,0
2025-09-14 13:04:42,0,0
2025-09-14 14:02:08,0,0
2025-09-14 15:02:05,0,0
2025-09-14 16:02:06,0,0
2025-09-14 17:02:00,0,0
2025-09-14 18:02:23,0,0
2025-09-14 19:01:57,0,0
2025-09-14 20:02:03,0,0
2025-09-14 21:01:59,0,0
2025-09-14 22:02:11,0,0
2025-09-14 23:02:06,0,0
2025-09-15 00:09:44,0,0
2025-09-15 01:29:49,0,0
2025-09-15 02:30:17,0,0
2025-09-15 03:18:35,0,0
2025-09-15 04:02:35,0,0
2025-09-15 05:02:26,0,0
2025-09-15 06:03:39,0,0
2025-09-15 07:02:22,0,0
2025-09-15 08:03:20,0,0
2025-09-15 09:02:45,0,0
2025-09-15 10:02:24,0,0
2025-09-15 11:02:06,0,0
2025-09-15 12:03:42,0,0
2025-09-15 13:09:21,0,0
2025-09-15 14:02:48,0,0
2025-09-15 15:02:25,0,0
2025-09-15 16:02:31,0,0
2025-09-15 17:02:03,0,0
2025-09-15 18:03:33,0,0
2025-09-15 19:02:11,0,0
2025-09-15 20:02:33,0,0
2025-09-15 21:02:10,0,0
2025-09-15 22:02:09,0,0
2025-09-15 23:02:02,0,0
2025-09-16 00:08:24,0,0
2025-09-16 01:29:38,0,0
2025-09-16 02:26:21,0,0
2025-09-16 03:11:35,0,0
2025-09-16 04:02:21,0,0
2025-09-16 05:02:16,0,0
2025-09-16 06:03:23,0,0
2025-09-16 07:02:31,0,0
2025-09-16 08:02:42,0,0
2025-09-16 09:02:34,0,0
2025-09-16 10:02:28,0,0
2025-09-16 11:02:15,0,0
2025-09-16 12:03:49,0,0
2025-09-16 13:09:25,0,0
2025-09-16 14:02:30,0,0
2025-09-16 15:02:18,0,0
2025-09-16 16:02:23,0,0
2025-09-16 17:02:16,0,0
2025-09-16 18:03:50,0,0
2025-09-16 19:02:09,0,0
2025-09-16 20:02:33,0,0
2025-09-16 21:02:12,0,0
2025-09-16 22:02:12,0,0
2025-09-16 23:02:08,0,0
2025-09-17 00:08:21,0,0
2025-09-17 01:29:33,0,0
2025-09-17 02:25:53,0,0
2025-09-17 03:10:44,0,0
2025-09-17 04:02:22,0,0
2025-09-17 05:02:14,0,0
2025-09-17 06:03:33,0,0
2025-09-17 07:02:17,0,0
2025-09-17 08:02:48,0,0
2025-09-17 09:02:24,0,0
2025-09-17 10:02:22,0,0
2025-09-17 11:02:06,0,0
2025-09-17 12:03:38,0,2
2025-09-17 13:09:21,0,0
2025-09-17 14:02:24,0,0
2025-09-17 15:02:30,0,0
2025-09-17 16:02:36,0,0
2025-09-17 17:02:15,0,0
2025-09-17 18:03:14,0,0
2025-09-17 19:02:00,0,0
2025-09-17 20:02:22,0,0
2025-09-17 21:02:08,0,0
2025-09-17 22:02:17,0,0
2025-09-17 23:02:30,0,0
2025-09-18 00:08:12,0,0
2025-09-18 01:29:24,0,0
2025-09-18 02:26:20,0,0
2025-09-18 03:12:01,0,0
2025-09-18 04:02:42,0,0
2025-09-18 05:02:19,0,0
2025-09-18 06:03:29,0,0
2025-09-18 07:02:10,0,0
2025-09-18 08:02:43,0,0
2025-09-18 09:02:22,0,0
2025-09-18 10:02:21,0,0
2025-09-18 11:02:06,0,0
2025-09-18 12:03:38,0,0
2025-09-18 13:08:55,0,0
2025-09-18 14:02:14,0,0
2025-09-18 15:02:27,0,0
2025-09-18 16:02:23,0,0
2025-09-18 17:02:09,0,0
2025-09-18 18:03:49,0,0
2025-09-18 19:02:05,0,0
2025-09-18 20:02:29,0,0
2025-09-18 21:02:12,0,0
2025-09-18 22:02:09,0,0
2025-09-18 23:02:11,0,0
2025-09-19 00:08:35,0,0
2025-09-19 01:29:39,0,0
2025-09-19 02:28:23,0,0
2025-09-19 03:14:24,0,0
2025-09-19 04:02:35,0,0
2025-09-19 05:02:19,0,0
2025-09-19 06:03:24,0,0
2025-09-19 07:02:14,0,0
2025-09-19 08:02:52,0,0
2025-09-19 09:02:42,0,0
2025-09-19 10:02:30,0,0
2025-09-19 11:02:03,0,0
2025-09-19 12:03:44,0,0
2025-09-19 13:08:48,0,0
2025-09-19 14:02:19,0,0
2025-09-19 15:02:15,0,0
2025-09-19 16:02:26,0,0
2025-09-19 17:02:10,0,0
2025-09-19 18:02:30,0,0
2025-09-19 19:02:07,0,0
2025-09-19 20:02:24,0,0
2025-09-19 21:02:10,0,0
2025-09-19 22:02:11,0,0
2025-09-19 23:02:05,0,0
2025-09-20 00:08:17,0,0
2025-09-20 01:29:20,0,0
2025-09-20 02:25:03,0,0
2025-09-20 03:10:21,0,0
2025-09-20 04:02:26,0,0
2025-09-20 05:02:07,0,0
2025-09-20 06:03:08,0,0
2025-09-20 07:02:18,0,0
2025-09-20 08:02:31,0,0
2025-09-20 09:02:11,0,0
2025-09-20 10:02:26,0,0
2025-09-20 11:02:05,0,0
2025-09-20 12:03:27,0,0
2025-09-20 13:06:19,0,0
2025-09-20 14:02:02,0,0
2025-09-20 15:02:15,0,0
2025-09-20 16:02:12,0,0
2025-09-20 17:01:54,0,0
2025-09-20 18:02:21,0,0
2025-09-20 19:02:04,0,0
2025-09-20 20:02:04,0,0
2025-09-20 21:01:58,0,0
2025-09-20 22:02:07,0,0
2025-09-20 23:02:11,0,0
2025-09-21 00:09:48,0,0
2025-09-21 01:30:09,0,0
2025-09-21 02:30:26,0,0
2025-09-21 03:17:54,0,0
2025-09-21 04:02:25,0,0
2025-09-21 05:02:17,0,0
2025-09-21 06:03:09,0,0
2025-09-21 07:02:02,0,0
2025-09-21 08:02:26,0,0
2025-09-21 09:02:02,0,0
2025-09-21 10:02:09,0,0
2025-09-21 11:01:53,0,0
2025-09-21 12:03:27,0,0
2025-09-21 13:05:46,0,0
2025-09-21 14:02:00,0,0
2025-09-21 15:02:05,0,0
2025-09-21 16:02:26,0,0
2025-09-21 17:02:23,0,0
2025-09-21 18:02:35,0,0
2025-09-21 19:02:00,0,0
2025-09-21 20:02:18,0,0
2025-09-21 21:02:05,0,0
2025-09-21 22:02:01,0,0
2025-09-21 23:02:02,0,0
2025-09-22 00:09:54,0,0
2025-09-22 01:30:05,0,0
2025-09-22 02:30:42,0,0
2025-09-22 03:18:00,0,0
2025-09-22 04:02:49,0,0
2025-09-22 05:02:18,0,0
2025-09-22 06:03:24,0,0
2025-09-22 10:02:28,0,0
2025-09-22 11:02:08,0,0
2025-09-22 12:03:46,0,0
2025-09-22 13:10:07,0,0
2025-09-22 14:02:36,0,0
2025-09-22 15:02:29,0,0
2025-09-22 16:02:31,0,0
2025-09-22 17:02:18,0,0
2025-09-22 18:03:26,0,0
2025-09-22 19:02:03,0,0
2025-09-22 20:02:25,0,0
2025-09-22 21:02:24,0,0
2025-09-22 22:02:26,0,0
2025-09-22 23:02:11,0,0
2025-09-23 00:08:43,0,0
2025-09-23 01:29:26,0,0
2025-09-23 02:26:50,0,0
2025-09-23 03:12:53,0,0
2025-09-23 04:03:11,0,0
2025-09-23 05:02:15,0,0
2025-09-23 06:03:28,0,0
2025-09-23 07:02:25,0,0
2025-09-23 08:03:16,0,0
2025-09-23 09:02:27,0,0
2025-09-23 10:02:11,0,0
2025-09-23 11:02:15,0,0
2025-09-23 12:03:37,0,0
2025-09-23 13:09:09,0,0
2025-09-23 14:02:25,0,0
2025-09-23 15:02:20,0,0
2025-09-23 16:02:29,0,0
2025-09-23 17:01:58,0,0
2025-09-23 18:03:12,0,0
2025-09-23 19:02:04,0,0
2025-09-23 20:02:19,0,0
2025-09-23 21:02:06,0,0
2025-09-23 22:02:06,0,0
2025-09-23 23:02:04,0,0
2025-09-24 00:08:37,0,0
2025-09-24 01:29:34,0,0
2025-09-24 02:27:17,0,0
2025-09-24 03:13:58,0,0
2025-09-24 04:02:29,0,0
2025-09-24 05:02:18,0,0
2025-09-24 06:03:22,0,0
2025-09-24 07:02:28,0,0
2025-09-24 08:03:00,0,0
2025-09-24 09:02:19,0,0
2025-09-24 10:02:17,0,0
2025-09-24 11:02:08,0,0
2025-09-24 12:03:57,0,0
2025-09-24 13:09:26,0,0
2025-09-24 14:02:21,0,0
2025-09-24 15:02:24,0,0
2025-09-24 16:02:30,0,0
2025-09-24 17:02:21,0,0
2025-09-24 18:03:30,0,0
2025-09-24 19:02:13,0,0
2025-09-24 20:02:26,0,0
2025-09-24 21:02:09,0,0
2025-09-24 22:02:17,0,0
2025-09-24 23:02:22,0,0
2025-09-25 00:08:37,0,0
2025-09-25 01:29:45,0,0
2025-09-25 02:28:28,0,0
2025-09-25 03:15:14,0,0
2025-09-25 04:02:27,0,0
2025-09-25 05:02:20,0,0
2025-09-25 06:03:24,0,0
2025-09-25 07:02:24,0,0
2025-09-25 08:03:10,0,0
2025-09-25 09:02:26,0,0
2025-09-25 10:02:23,0,0
2025-09-25 11:02:15,0,0
2025-09-25 12:03:43,0,0
2025-09-25 13:09:44,0,0
2025-09-25 14:02:21,0,0
2025-09-25 15:02:23,0,0
2025-09-25 16:02:26,0,0
2025-09-25 17:02:13,0,0
2025-09-25 18:02:57,0,0
2025-09-25 19:02:04,0,0
2025-09-25 20:02:24,0,0
2025-09-25 21:02:08,0,0
2025-09-25 22:02:04,0,0
2025-09-25 23:02:11,0,0
2025-09-26 00:08:28,0,0
2025-09-26 01:29:27,0,0
2025-09-26 02:27:41,0,0
2025-09-26 03:14:20,0,0
2025-09-26 04:02:28,0,0
2025-09-26 05:02:18,0,0
2025-09-26 06:03:25,0,0
2025-09-26 07:02:16,0,0
2025-09-26 08:02:46,0,0
2025-09-26 09:02:24,0,0
2025-09-26 10:02:25,0,0
2025-09-26 11:02:13,0,0
2025-09-26 12:03:45,0,0
2025-09-26 13:09:04,0,0
2025-09-26 14:02:04,0,0
2025-09-26 15:03:02,0,0
2025-09-26 16:02:19,0,0
2025-09-26 17:01:57,0,0
2025-09-26 18:02:33,0,0
2025-09-26 19:02:04,0,0
2025-09-26 20:02:20,0,0
2025-09-26 21:02:07,0,0
2025-09-26 22:02:11,0,0
2025-09-26 23:02:25,0,0
2025-09-27 00:08:18,0,0
2025-09-27 01:29:16,0,0
2025-09-27 02:24:43,0,0
2025-09-27 03:10:22,0,0
2025-09-27 04:02:18,0,0
2025-09-27 05:02:18,0,0
2025-09-27 06:03:04,0,0
2025-09-27 07:02:00,0,0
2025-09-27 08:02:17,0,0
2025-09-27 09:02:10,0,0
2025-09-27 10:02:09,0,0
2025-09-27 11:01:49,0,0
2025-09-27 12:03:27,0,0
2025-09-27 13:05:15,0,0
2025-09-27 14:02:04,0,0
2025-09-27 15:02:01,0,0
2025-09-27 16:02:16,0,0
2025-09-27 17:02:04,0,0
2025-09-27 18:02:29,0,0
2025-09-27 19:01:53,0,0
2025-09-27 20:02:18,0,0
2025-09-27 21:02:00,0,0
2025-09-27 22:02:04,0,0
2025-09-27 23:02:09,0,0
2025-09-28 00:09:58,0,0
2025-09-28 01:29:51,0,0
2025-09-28 02:30:38,0,0
2025-09-28 03:18:34,0,0
2025-09-28 04:02:20,0,0
2025-09-28 05:02:17,0,0
2025-09-28 06:03:20,0,0
2025-09-28 07:02:07,0,0
2025-09-28 08:02:20,0,0
2025-09-28 09:02:19,0,0
2025-09-28 10:02:11,0,0
2025-09-28 11:01:59,0,0
2025-09-28 12:03:31,0,0
2025-09-28 13:05:46,0,0
2025-09-28 14:01:48,0,0
2025-09-28 15:01:58,0,0
2025-09-28 16:02:04,0,0
2025-09-28 17:02:08,0,0
2025-09-28 18:02:42,0,0
2025-09-28 19:02:00,0,0
2025-09-28 20:02:18,0,0
2025-09-28 21:01:56,0,0
2025-09-28 22:02:00,0,0
2025-09-28 23:02:07,0,0
2025-09-29 00:09:35,0,0
2025-09-29 01:29:51,0,0
2025-09-29 02:29:20,0,0
2025-09-29 03:17:27,0,0
2025-09-29 04:02:28,0,0
2025-09-29 05:02:18,0,0
2025-09-29 06:03:40,0,0
2025-09-29 07:02:29,0,0
2025-09-29 08:03:33,0,0
2025-09-29 09:02:37,0,0
2025-09-29 10:02:25,0,0
2025-09-29 11:02:16,0,0
2025-09-29 12:04:16,0,0
2025-09-29 13:10:32,0,0
2025-09-29 14:02:30,0,0
2025-09-29 15:02:26,0,0
2025-09-29 16:02:28,0,0
2025-09-29 17:02:20,0,0
2025-09-29 18:03:37,0,0
2025-09-29 19:02:10,0,0
2025-09-29 20:02:19,0,0
2025-09-29 21:02:10,0,0
2025-09-29 22:02:06,0,0
2025-09-29 23:02:16,0,0
2025-09-30 00:08:54,0,0
2025-09-30 01:29:17,0,0
2025-09-30 02:26:28,0,0
2025-09-30 03:13:05,0,0
2025-09-30 04:02:36,0,0
2025-09-30 05:02:20,0,0
2025-09-30 06:03:35,0,0
2025-09-30 07:02:24,0,0
2025-09-30 08:03:46,0,0
2025-09-30 09:02:25,0,0
2025-09-30 10:02:18,0,0
2025-09-30 11:02:16,0,0
2025-09-30 12:03:52,0,0
2025-09-30 13:10:33,0,0
2025-09-30 14:02:17,0,0
2025-09-30 15:02:20,0,0
2025-09-30 16:02:36,0,0
2025-09-30 17:02:13,0,0
2025-09-30 18:03:36,0,0
2025-09-30 19:01:59,0,0
2025-09-30 20:02:18,0,0
2025-09-30 21:02:11,0,0
2025-09-30 22:02:01,0,0
2025-09-30 23:02:21,0,0
2025-10-01 00:10:21,0,0
2025-10-01 01:30:16,0,0
2025-10-01 02:31:21,0,0
2025-10-01 03:20:20,0,0
2025-10-01 04:02:38,0,0
2025-10-01 05:02:16,0,0
2025-10-01 06:03:29,0,0
2025-10-01 07:02:24,0,0
2025-10-01 08:03:34,0,1
2025-10-01 09:02:26,0,1
2025-10-01 10:02:27,0,0
2025-10-01 11:02:13,0,0
2025-10-01 12:03:47,0,0
2025-10-01 13:10:23,0,0
2025-10-01 14:02:14,0,0
2025-10-01 15:02:25,0,0
2025-10-01 16:02:37,0,0
2025-10-01 17:02:11,0,0
2025-10-01 18:03:18,0,0
2025-10-01 19:02:08,0,0
2025-10-01 20:02:28,0,0
2025-10-01 21:02:06,0,0
2025-10-01 22:02:04,0,0
2025-10-01 23:02:03,0,0
2025-10-02 00:08:05,0,0
2025-10-02 01:29:25,0,0
2025-10-02 02:26:23,0,0
2025-10-02 03:11:49,0,0
2025-10-02 04:03:03,0,0
2025-10-02 05:02:15,0,0
2025-10-02 06:03:14,0,0
2025-10-02 07:02:12,0,0
2025-10-02 08:03:19,0,0
2025-10-02 09:02:18,0,0
2025-10-02 10:02:12,0,0
2025-10-02 11:02:01,0,0
2025-10-02 12:03:36,0,0
2025-10-02 13:08:15,0,0
2025-10-02 14:02:12,0,0
2025-10-02 15:02:20,0,0
2025-10-02 16:02:24,0,0
2025-10-02 17:02:11,0,0
2025-10-02 18:02:59,0,0
2025-10-02 19:01:59,0,0
2025-10-02 20:02:23,0,0
2025-10-02 21:02:02,0,0
2025-10-02 22:02:06,0,0
2025-10-02 23:02:05,0,0
2025-10-03 00:08:12,0,0
2025-10-03 01:29:42,0,0
2025-10-03 02:26:03,0,0
2025-10-03 03:11:39,0,0
2025-10-03 04:02:32,0,0
2025-10-03 05:02:12,0,0
2025-10-03 06:03:07,0,0
2025-10-03 07:02:17,0,0
2025-10-03 08:03:05,0,0
2025-10-03 09:02:16,0,0
2025-10-03 10:02:30,0,0
2025-10-03 11:02:08,0,0
2025-10-03 12:03:34,0,0
2025-10-03 13:07:41,1200,1
2025-10-03 14:02:09,0,0
2025-10-03 15:02:16,0,0
2025-10-03 16:02:25,0,0
2025-10-03 17:02:09,0,0
2025-10-03 18:02:59,0,0
2025-10-03 19:02:05,0,0
2025-10-03 20:02:20,0,0
2025-10-03 21:02:03,0,0
2025-10-03 22:02:10,0,0
2025-10-03 23:02:09,0,0
2025-10-04 00:08:18,0,0
2025-10-04 01:29:15,0,0
2025-10-04 02:23:04,0,0
2025-10-04 03:08:24,0,0
2025-10-04 04:02:18,0,0
2025-10-04 05:02:10,0,0
2025-10-04 06:03:09,0,0
2025-10-04 07:02:06,0,0
2025-10-04 08:02:17,0,0
2025-10-04 09:02:09,0,0
2025-10-04 10:02:06,0,0
2025-10-04 11:02:05,0,0
2025-10-04 12:03:26,0,0
2025-10-04 13:05:03,0,0
2025-10-04 14:02:00,0,0
2025-10-04 15:01:55,0,0
2025-10-04 16:02:12,0,0
2025-10-04 17:02:04,0,0
2025-10-04 18:02:30,0,0
2025-10-04 19:01:56,0,0
2025-10-04 20:02:13,0,0
2025-10-04 21:01:53,0,0
2025-10-04 22:01:59,0,0
2025-10-04 23:02:11,0,0
2025-10-05 00:09:49,0,0
2025-10-05 01:29:52,0,0
2025-10-05 02:30:37,0,0
2025-10-05 03:17:09,0,0
2025-10-05 04:02:21,0,0
2025-10-05 05:02:11,0,0
2025-10-05 06:03:04,0,0
2025-10-05 07:02:07,0,0
2025-10-05 08:02:27,0,0
2025-10-05 09:02:05,0,0
2025-10-05 10:02:05,0,0
2025-10-05 11:01:57,0,0
2025-10-05 12:03:23,0,0
2025-10-05 13:05:29,0,0
2025-10-05 14:02:00,0,0
2025-10-05 15:02:01,0,0
2025-10-05 16:02:12,0,0
2025-10-05 17:02:03,0,0
2025-10-05 18:02:40,0,0
2025-10-05 19:02:02,0,0
2025-10-05 20:02:22,0,0
2025-10-05 21:01:55,0,0
2025-10-05 22:02:04,0,0
2025-10-05 23:02:04,0,0
2025-10-06 00:09:14,0,0
2025-10-06 01:29:47,0,0
2025-10-06 02:28:30,0,0
2025-10-06 03:15:49,0,0
2025-10-06 04:02:29,0,0
2025-10-06 05:02:14,0,0
2025-10-06 06:03:20,0,0
2025-10-06 07:02:25,0,0
2025-10-06 08:03:18,0,0
2025-10-06 09:02:31,0,0
2025-10-06 10:02:23,0,0
2025-10-06 11:02:15,0,0
2025-10-06 12:03:49,0,0
2025-10-06 13:09:44,0,0
2025-10-06 14:02:25,0,0
2025-10-06 15:02:27,0,0
2025-10-06 16:02:26,0,0
2025-10-06 17:02:09,0,0
2025-10-06 18:03:17,0,0
2025-10-06 19:02:13,0,0
2025-10-06 20:02:15,0,0
2025-10-06 21:02:20,0,0
2025-10-06 22:02:09,0,0
2025-10-06 23:02:06,0,0
2025-10-07 00:08:30,0,0
2025-10-07 01:29:24,0,0
2025-10-07 02:26:39,0,0
2025-10-07 03:22:54,0,0
2025-10-07 04:03:08,0,0
2025-10-07 05:02:16,0,0
2025-10-07 06:03:20,0,0
2025-10-07 07:02:30,0,0
2025-10-07 08:02:37,0,0
2025-10-07 09:02:21,0,0
2025-10-07 10:02:19,0,0
2025-10-07 11:02:10,0,0
2025-10-07 12:04:03,0,2
2025-10-07 13:09:42,0,0
2025-10-07 14:02:24,0,0
2025-10-07 15:02:31,0,0
2025-10-07 16:02:37,0,0
2025-10-07 17:02:01,0,0
2025-10-07 18:03:19,0,0
2025-10-07 19:02:04,0,0
2025-10-07 20:02:26,0,0
2025-10-07 21:02:07,0,0
2025-10-07 22:02:23,0,0
2025-10-07 23:02:08,0,0
2025-10-08 00:08:28,0,0
2025-10-08 01:29:40,0,0
2025-10-08 02:26:39,0,0
2025-10-08 03:12:19,0,0
2025-10-08 04:03:14,0,0
2025-10-08 05:02:22,0,0
2025-10-08 06:03:24,0,0
2025-10-08 07:02:19,0,0
2025-10-08 08:02:43,0,0
2025-10-08 09:02:31,0,0
2025-10-08 10:02:25,0,0
2025-10-08 11:02:03,0,0
2025-10-08 12:03:51,0,0
2025-10-08 13:09:51,0,0
2025-10-08 14:02:24,0,0
2025-10-08 15:02:31,0,0
2025-10-08 16:02:23,0,0
2025-10-08 17:02:04,0,0
2025-10-08 18:03:28,0,0
2025-10-08 19:02:06,0,0
2025-10-08 20:02:30,0,0
2025-10-08 21:02:13,0,0
2025-10-08 22:02:08,0,0
2025-10-08 23:02:11,0,0
2025-10-09 00:08:26,0,0
2025-10-09 01:29:39,0,0
2025-10-09 02:27:36,0,0
2025-10-09 03:14:20,0,0
2025-10-09 04:03:10,0,0
2025-10-09 05:02:18,0,0
2025-10-09 06:03:30,0,0
2025-10-09 07:02:14,0,0
2025-10-09 08:03:21,0,0
2025-10-09 09:02:28,0,0
2025-10-09 10:02:42,0,0
2025-10-09 11:02:14,0,0
2025-10-09 12:03:46,0,0
2025-10-09 13:10:37,0,0
2025-10-09 14:02:21,0,0
2025-10-09 15:24:09,0,0
2025-10-09 16:03:30,0,0
2025-10-09 17:02:30,0,0
2025-10-09 18:02:48,0,0
2025-10-09 19:02:06,0,0
2025-10-09 20:02:26,0,0
2025-10-09 21:02:06,0,0
2025-10-09 22:02:04,0,0
2025-10-09 23:02:12,0,0
2025-10-10 00:08:57,0,0
2025-10-10 01:29:25,0,0
2025-10-10 02:27:57,0,0
2025-10-10 03:14:51,0,0
2025-10-10 04:02:32,0,0
2025-10-10 05:02:14,0,0
2025-10-10 06:03:25,0,0
2025-10-10 07:02:15,0,0
2025-10-10 08:03:46,0,0
2025-10-10 09:02:26,0,0
2025-10-10 10:02:25,0,0
2025-10-10 11:02:10,0,0
2025-10-10 12:03:48,0,0
2025-10-10 13:08:43,0,0
2025-10-10 14:02:22,0,0
2025-10-10 15:02:16,0,0
2025-10-10 16:02:37,0,0
2025-10-10 17:02:23,0,1
2025-10-10 18:03:18,0,1
2025-10-10 19:02:03,0,0
2025-10-10 20:02:13,0,0
2025-10-10 21:02:01,0,0
2025-10-10 22:02:06,0,0
2025-10-10 23:02:09,0,0
2025-10-11 00:08:10,0,0
2025-10-11 01:29:21,0,0
2025-10-11 02:24:50,0,0
2025-10-11 03:09:49,0,0
2025-10-11 04:02:25,0,0
2025-10-11 05:02:09,0,0
2025-10-11 06:03:12,0,0
2025-10-11 07:02:00,0,0
2025-10-11 08:02:31,0,0
2025-10-11 09:02:06,0,0
2025-10-11 10:02:11,0,0
2025-10-11 11:02:06,0,0
2025-10-11 12:03:25,0,0
2025-10-11 13:05:16,0,0
2025-10-11 14:01:55,0,0
2025-10-11 15:02:00,0,0
2025-10-11 16:02:17,0,0
2025-10-11 17:02:06,0,0
2025-10-11 18:02:21,0,0
2025-10-11 19:02:16,0,0
2025-10-11 20:02:10,0,0
2025-10-11 21:02:01,0,0
2025-10-11 22:02:09,0,0
2025-10-11 23:02:05,0,0
2025-10-12 00:09:15,0,0
2025-10-12 01:29:40,0,0
2025-10-12 02:28:53,0,0
2025-10-12 03:15:44,0,0
2025-10-12 04:02:25,0,0
2025-10-12 05:02:16,0,0
2025-10-12 06:03:01,0,0
2025-10-12 07:02:09,0,0
2025-10-12 08:02:28,0,0
2025-10-12 09:02:11,0,0
2025-10-12 10:02:12,0,0
2025-10-12 11:01:55,0,0
2025-10-12 12:03:26,0,0
2025-10-12 13:05:51,0,0
2025-10-12 14:02:14,0,0
2025-10-12 15:02:09,0,0
2025-10-12 16:02:10,0,0
2025-10-12 17:01:58,0,0
2025-10-12 18:02:25,0,0
2025-10-12 19:01:57,0,0
2025-10-12 20:02:20,0,0
2025-10-12 21:02:05,0,0
2025-10-12 22:02:03,0,0
2025-10-12 23:02:08,0,0
2025-10-13 00:09:45,0,0
2025-10-13 01:29:59,0,0
2025-10-13 02:30:48,0,0
2025-10-13 03:20:20,0,0
2025-10-13 04:02:47,0,0
2025-10-13 05:02:25,0,0
2025-10-13 06:03:33,0,0
2025-10-13 07:02:26,0,0
2025-10-13 08:03:39,0,0
2025-10-13 09:02:56,0,0
2025-10-13 10:02:37,0,0
2025-10-13 11:02:08,0,0
2025-10-13 12:03:42,0,0
2025-10-13 13:10:34,0,0
2025-10-13 14:02:27,0,0
2025-10-13 15:02:16,0,0
2025-10-13 16:02:25,0,0
2025-10-13 17:02:17,0,0
2025-10-13 18:03:20,0,0
2025-10-13 19:02:00,0,0
2025-10-13 20:02:21,0,0
2025-10-13 21:02:03,0,0
2025-10-13 22:02:02,0,0
2025-10-13 23:02:10,0,0
2025-10-14 00:08:19,0,0
2025-10-14 01:29:50,0,0
2025-10-14 02:27:54,0,0
2025-10-14 03:15:13,0,0
2025-10-14 04:02:42,0,0
2025-10-14 05:02:32,0,0
2025-10-14 06:03:25,0,0
2025-10-14 07:02:21,0,0
2025-10-14 08:03:20,0,0
2025-10-14 09:02:30,0,0
2025-10-14 10:02:30,0,0
2025-10-14 11:02:18,0,0
2025-10-14 12:03:51,0,0
2025-10-14 13:11:28,0,0
2025-10-14 14:02:24,0,0
2025-10-14 15:02:43,0,0
2025-10-14 16:02:27,0,0
2025-10-14 17:02:19,0,0
2025-10-14 18:03:23,0,0
2025-10-14 19:02:06,0,0
2025-10-14 20:02:22,0,0
2025-10-14 21:02:09,0,0
2025-10-14 22:02:11,0,0
2025-10-14 23:02:13,0,0
2025-10-15 00:08:45,0,0
2025-10-15 01:30:02,0,0
2025-10-15 02:29:36,0,0
2025-10-15 03:17:28,0,0
2025-10-15 04:02:37,0,0
2025-10-15 05:02:34,0,0
2025-10-15 06:03:45,0,0
2025-10-15 07:02:39,0,0
2025-10-15 08:03:25,0,0
2025-10-15 09:02:26,0,0
2025-10-15 10:02:35,0,0
2025-10-15 11:02:07,0,0
2025-10-15 12:03:48,0,0
2025-10-15 13:11:08,0,0
2025-10-15 14:02:35,0,1
2025-10-15 15:02:26,0,1
2025-10-15 16:02:31,0,0
2025-10-15 17:02:31,0,0
2025-10-15 18:03:26,0,0
2025-10-15 19:02:05,0,0
2025-10-15 20:02:19,0,0
2025-10-15 21:02:11,0,0
2025-10-15 22:02:05,0,0
2025-10-15 23:02:15,0,0
2025-10-16 00:08:38,0,0
2025-10-16 01:29:57,0,0
2025-10-16 02:28:56,0,0
2025-10-16 03:16:53,0,0
2025-10-16 04:03:11,0,0
2025-10-16 05:02:22,0,0
2025-10-16 06:03:36,0,0
2025-10-16 07:02:26,0,0
2025-10-16 08:03:24,0,0
2025-10-16 09:02:29,0,0
2025-10-16 10:02:35,0,0
2025-10-16 11:02:07,0,0
2025-10-16 12:03:50,0,0
2025-10-16 13:11:14,0,0
2025-10-16 14:02:27,0,0
2025-10-16 15:02:35,0,0
2025-10-16 16:02:31,0,0
2025-10-16 17:02:08,0,0
2025-10-16 18:03:29,0,0
2025-10-16 19:02:04,0,0
2025-10-16 20:02:34,0,0
2025-10-16 21:02:14,0,0
2025-10-16 22:01:58,0,0
2025-10-16 23:02:16,0,0
2025-10-17 00:08:49,0,0
2025-10-17 01:29:38,0,0
2025-10-17 02:28:42,0,0
2025-10-17 03:15:42,0,0
2025-10-17 04:03:14,0,0
2025-10-17 05:02:13,0,0
2025-10-17 06:03:22,0,0
2025-10-17 07:02:26,0,0
2025-10-17 08:03:23,0,0
2025-10-17 09:02:22,0,0
2025-10-17 10:02:26,0,0
2025-10-17 11:02:10,0,0
2025-10-17 12:03:47,0,0
2025-10-17 13:09:23,0,0
2025-10-17 14:02:23,0,0
2025-10-17 15:02:13,0,0
2025-10-17 16:02:20,0,0
2025-10-17 17:02:12,0,0
2025-10-17 18:02:23,0,0
2025-10-17 19:02:00,0,0
2025-10-17 20:02:28,0,0
2025-10-17 21:02:07,0,0
2025-10-17 22:02:10,0,0
2025-10-17 23:02:14,0,0
2025-10-18 00:08:16,0,0
2025-10-18 01:29:24,0,0
2025-10-18 02:25:24,0,0
2025-10-18 03:10:59,0,0
2025-10-18 04:02:20,0,0
2025-10-18 05:02:10,0,0
2025-10-18 06:03:09,0,0
2025-10-18 07:02:10,0,0
2025-10-18 08:02:26,0,0
2025-10-18 09:02:17,0,0
2025-10-18 10:02:17,0,0
2025-10-18 11:01:59,0,0
2025-10-18 12:03:27,0,0
2025-10-18 13:06:28,0,0
2025-10-18 14:02:00,0,0
2025-10-18 15:02:07,0,0
2025-10-18 16:02:20,0,0
2025-10-18 17:01:57,0,0
2025-10-18 18:02:46,0,0
2025-10-18 19:01:49,0,0
2025-10-18 20:02:12,0,0
2025-10-18 21:01:51,0,0
2025-10-18 22:02:05,0,0
2025-10-18 23:02:06,0,0
2025-10-19 00:10:04,0,0
2025-10-19 01:30:14,0,0
2025-10-19 02:32:18,0,0
2025-10-19 03:23:05,0,0
2025-10-19 04:04:05,0,0
2025-10-19 05:02:15,0,0
2025-10-19 06:03:17,0,0
2025-10-19 07:02:01,0,0
2025-10-19 08:02:44,0,0
2025-10-19 09:02:11,0,1
2025-10-19 10:02:17,0,0
2025-10-19 11:01:55,0,0
2025-10-19 12:03:32,0,0
2025-10-19 13:06:23,0,0
2025-10-19 14:02:10,0,0
2025-10-19 15:02:00,0,0
2025-10-19 16:02:06,0,0
2025-10-19 17:02:03,0,0
2025-10-19 18:02:37,0,0
2025-10-19 19:02:01,0,0
2025-10-19 20:02:15,0,0
2025-10-19 21:02:10,0,0
2025-10-19 22:02:35,0,0
2025-10-19 23:02:12,0,0
2025-10-20 00:10:01,0,0
2025-10-20 01:30:23,0,0
2025-10-20 02:32:03,0,0
2025-10-20 03:23:37,0,0
2025-10-20 04:05:59,0,0
2025-10-20 05:02:22,0,0
2025-10-20 06:03:30,0,0
2025-10-20 07:02:24,0,0
2025-10-20 08:03:42,0,0
2025-10-20 09:02:32,0,0
2025-10-20 10:02:25,0,0
2025-10-20 11:02:18,0,0
2025-10-20 12:03:50,0,0
2025-10-20 13:10:06,0,0
2025-10-20 14:02:13,0,0
2025-10-20 15:02:27,0,0
2025-10-20 16:02:25,0,0
2025-10-20 17:02:12,0,0
2025-10-20 18:03:40,0,0
2025-10-20 19:02:13,0,0
2025-10-20 20:02:54,0,0
2025-10-20 21:02:16,0,0
2025-10-20 22:02:20,0,0
2025-10-20 23:02:19,0,0
2025-10-21 00:08:57,0,0
2025-10-21 01:29:58,0,0
2025-10-21 02:29:56,0,0
2025-10-21 03:18:15,0,0
2025-10-21 04:03:13,0,0
2025-10-21 05:02:21,0,0
2025-10-21 06:03:52,0,0
2025-10-21 07:02:26,0,0
2025-10-21 08:03:00,0,0
2025-10-21 09:02:30,0,0
2025-10-21 10:06:56,0,0
2025-10-21 11:02:13,0,0
2025-10-21 12:04:09,0,0
2025-10-21 13:12:28,0,0
2025-10-21 14:02:33,0,0
2025-10-21 15:02:40,0,0
2025-10-21 16:02:44,0,0
2025-10-21 17:02:31,0,0
2025-10-21 18:02:38,0,0
2025-10-21 19:02:19,0,0
2025-10-21 20:02:37,0,0
2025-10-21 21:02:28,0,0
2025-10-21 22:02:37,0,0
2025-10-21 23:02:13,0,0
2025-10-22 00:09:00,0,0
2025-10-22 01:30:19,0,0
2025-10-22 02:30:59,0,0
2025-10-22 03:20:52,0,0
2025-10-22 04:02:56,0,0
2025-10-22 05:02:25,0,0
2025-10-22 06:03:39,0,0
2025-10-22 07:02:27,0,0
2025-10-22 08:03:40,0,0
2025-10-22 09:03:01,0,0
2025-10-22 10:02:34,0,0
2025-10-22 11:02:23,0,0
2025-10-22 12:04:00,0,1
2025-10-22 13:12:16,0,0
2025-10-22 14:02:38,0,0
2025-10-22 15:02:28,0,0
2025-10-22 16:04:48,0,0
2025-10-22 17:02:55,0,0
2025-10-22 18:03:48,0,0
2025-10-22 19:02:15,0,0
2025-10-22 20:02:38,0,0
2025-10-22 21:02:16,0,0
2025-10-22 22:02:10,0,0
2025-10-22 23:02:19,0,0
2025-10-23 00:08:47,0,0
2025-10-23 01:29:49,0,0
2025-10-23 02:29:24,0,0
2025-10-23 03:17:04,0,0
2025-10-23 04:02:29,0,0
2025-10-23 05:02:22,0,0
2025-10-23 06:03:29,0,0
2025-10-23 07:02:36,0,0
2025-10-23 08:03:32,0,0
2025-10-23 09:03:38,0,0
2025-10-23 10:02:34,0,0
2025-10-23 11:02:19,0,0
2025-10-23 12:03:58,0,0
2025-10-23 13:11:30,0,0
2025-10-23 14:02:30,0,0
2025-10-23 15:02:37,0,0
2025-10-23 16:02:33,0,0
2025-10-23 17:02:17,0,0
2025-10-23 18:03:32,0,0
2025-10-23 19:02:16,0,0
2025-10-23 20:02:27,0,0
2025-10-23 21:02:24,0,0
2025-10-23 22:02:08,0,0
2025-10-23 23:02:16,0,0
2025-10-24 00:07:48,0,0
2025-10-24 01:29:27,0,0
2025-10-24 02:28:04,0,0
2025-10-24 03:14:59,0,0
2025-10-24 04:02:35,0,0
2025-10-24 05:02:23,0,0
2025-10-24 06:03:24,0,0
2025-10-24 07:02:19,0,0
2025-10-24 08:02:52,0,0
2025-10-24 09:02:35,0,0
2025-10-24 10:02:30,0,0
2025-10-24 11:02:24,0,0
2025-10-24 12:03:53,0,0
2025-10-24 13:10:46,0,0
2025-10-24 14:02:26,0,1
2025-10-24 15:02:30,0,0
2025-10-24 16:02:31,0,0
2025-10-24 17:02:23,0,0
2025-10-24 18:03:24,0,0
2025-10-24 19:02:14,0,0
2025-10-24 20:02:28,0,0
2025-10-24 21:02:08,0,0
2025-10-24 22:02:08,0,0
2025-10-24 23:02:20,0,0
2025-10-25 00:08:36,0,0
2025-10-25 01:29:40,0,0
2025-10-25 02:28:29,0,0
2025-10-25 03:16:14,0,0
2025-10-25 04:02:30,0,0
2025-10-25 05:02:19,0,0
2025-10-25 06:03:13,0,0
2025-10-25 07:02:10,0,0
2025-10-25 08:02:24,0,0
2025-10-25 09:02:15,0,0
2025-10-25 10:02:17,0,0
2025-10-25 11:02:06,0,0
2025-10-25 12:03:24,0,0
2025-10-25 13:06:23,0,0
2025-10-25 14:02:01,0,0
2025-10-25 15:02:06,0,0
2025-10-25 16:02:21,0,0
2025-10-25 17:02:13,0,0
2025-10-25 18:02:32,0,0
2025-10-25 19:02:00,0,0
2025-10-25 20:02:21,0,0
2025-10-25 21:02:15,0,0
2025-10-25 22:02:13,0,0
2025-10-25 23:02:11,0,0
2025-10-26 00:09:48,0,0
2025-10-26 01:30:13,0,0
2025-10-26 02:30:58,0,0
2025-10-26 03:19:39,0,0
2025-10-26 04:02:54,0,0
2025-10-26 05:02:31,0,0
2025-10-26 06:03:18,0,0
2025-10-26 07:02:08,0,0
2025-10-26 08:02:26,0,0
2025-10-26 09:02:14,0,0
2025-10-26 10:02:16,0,0
2025-10-26 11:02:03,0,0
2025-10-26 12:03:32,0,0
2025-10-26 13:06:53,0,0
2025-10-26 14:02:07,0,0
2025-10-26 15:02:20,0,0
2025-10-26 16:02:22,0,0
2025-10-26 17:02:15,0,0
2025-10-26 18:02:38,0,0
2025-10-26 19:01:57,0,0
2025-10-26 20:02:24,0,0
2025-10-26 21:02:11,0,0
2025-10-26 22:02:14,0,0
2025-10-26 23:02:14,0,0
2025-10-27 00:10:09,0,0
2025-10-27 01:30:40,0,0
2025-10-27 02:32:55,0,0
2025-10-27 03:26:36,0,0
2025-10-27 04:08:03,0,0
2025-10-27 05:02:36,0,0
2025-10-27 06:03:50,0,0
2025-10-27 07:02:56,0,0
2025-10-27 08:03:40,0,0
2025-10-27 09:03:02,0,0
2025-10-27 10:02:55,0,0
2025-10-27 11:02:28,0,0
2025-10-27 12:03:57,0,0
2025-10-27 13:11:31,0,0
2025-10-27 14:02:36,0,0
2025-10-27 15:02:50,0,0
2025-10-27 16:02:29,0,0
2025-10-27 17:02:10,0,0
2025-10-27 18:03:28,0,0
2025-10-27 19:02:03,0,0
2025-10-27 20:02:17,0,0
2025-10-27 21:02:18,0,0
2025-10-27 22:02:20,0,0
2025-10-27 23:02:09,0,0
2025-10-28 00:08:40,0,0
2025-10-28 01:29:51,0,0
2025-10-28 02:29:46,0,0
2025-10-28 03:19:15,0,0
2025-10-28 04:02:29,0,0
2025-10-28 05:02:18,0,0
2025-10-28 06:03:30,0,0
2025-10-28 07:02:17,0,0
2025-10-28 08:03:28,0,0
2025-10-28 09:02:22,0,0
2025-10-28 10:02:24,0,0
2025-10-28 11:01:59,0,0
2025-10-28 12:03:51,0,0
2025-10-28 13:10:36,0,0
2025-10-28 14:02:21,0,0
2025-10-28 15:02:30,0,0
2025-10-28 16:02:39,0,0
2025-10-28 17:02:28,0,0
2025-10-28 18:03:26,0,0
2025-10-28 19:02:11,0,0
2025-10-28 20:02:32,0,0
2025-10-28 21:02:13,0,0
2025-10-28 22:02:11,0,0
2025-10-28 23:02:13,0,0
2025-10-29 00:09:10,0,0
2025-10-29 01:30:17,0,0
2025-10-29 02:32:03,0,0
2025-10-29 03:23:23,0,0
2025-10-29 04:05:37,0,0
2025-10-29 05:02:21,0,0
2025-10-29 06:03:37,0,0
2025-10-29 07:02:23,0,0
2025-10-29 08:03:27,0,0
2025-10-29 09:02:29,0,0
2025-10-29 10:02:27,0,0
2025-10-29 11:02:15,0,0
2025-10-29 12:03:53,0,0
2025-10-29 13:12:04,0,0
2025-10-29 14:02:31,0,0
2025-10-29 15:02:28,0,0
2025-10-29 16:02:47,0,0
2025-10-29 17:03:01,0,0
2025-10-29 18:03:34,0,0
2025-10-29 19:02:09,0,0
2025-10-29 20:02:18,0,0
2025-10-29 21:02:21,0,0
2025-10-29 22:02:14,0,0
2025-10-29 23:02:20,0,0
2025-10-30 00:09:16,0,0
2025-10-30 01:30:27,0,0
2025-10-30 02:31:32,0,0
2025-10-30 03:20:45,0,0
2025-10-30 04:02:39,0,0
2025-10-30 05:02:16,0,0
2025-10-30 06:03:31,0,0
2025-10-30 07:02:18,0,0
2025-10-30 08:03:11,0,0
2025-10-30 09:02:29,0,0
2025-10-30 10:02:29,0,0
2025-10-30 11:02:06,0,0
2025-10-30 12:04:05,0,0
2025-10-30 13:11:12,0,0
2025-10-30 14:02:23,0,0
2025-10-30 15:05:29,0,0
2025-10-30 16:02:30,0,0
2025-10-30 17:02:39,0,0
2025-10-30 18:02:44,0,0
2025-10-30 19:01:59,0,0
2025-10-30 20:02:26,0,0
2025-10-30 21:02:17,0,0
2025-10-30 22:02:15,0,0
2025-10-30 23:02:13,0,0
2025-10-31 00:09:33,0,0
2025-10-31 01:29:59,0,0
2025-10-31 02:31:02,0,0
2025-10-31 03:21:20,0,0
2025-10-31 04:03:18,0,0
2025-10-31 05:02:44,0,0
2025-10-31 06:03:19,0,0
2025-10-31 07:02:18,0,0
2025-10-31 08:03:23,0,0
2025-10-31 09:02:35,0,0
2025-10-31 10:02:26,0,0
2025-10-31 11:02:09,0,0
2025-10-31 12:03:48,0,1
2025-10-31 13:10:28,0,0
2025-10-31 14:02:23,0,0
2025-10-31 15:02:22,0,0
2025-10-31 17:03:11,0,0
2025-10-31 18:03:47,0,0
2025-10-31 19:02:06,0,0
2025-10-31 20:02:26,0,0
2025-10-31 21:02:12,0,0
2025-10-31 22:02:05,0,0
2025-10-31 23:02:31,0,0
2025-11-01 00:10:18,0,0
2025-11-01 01:30:01,0,0
2025-11-01 02:31:19,0,0
2025-11-01 03:20:27,0,0
2025-11-01 04:02:15,0,0
2025-11-01 05:02:14,0,0
2025-11-01 06:03:15,0,0
2025-11-01 07:02:07,0,0
2025-11-01 08:02:36,0,0
2025-11-01 09:02:08,0,0
2025-11-01 10:02:16,0,0
2025-11-01 11:02:00,0,0
2025-11-01 12:03:21,0,0
2025-11-01 13:06:41,0,0
2025-11-01 14:01:57,0,0
2025-11-01 15:02:07,0,1
2025-11-01 16:02:08,0,0
2025-11-01 17:01:57,0,0
2025-11-01 18:02:37,0,0
2025-11-01 19:01:49,0,0
2025-11-01 20:02:04,0,0
2025-11-01 21:01:59,0,0
2025-11-01 22:01:59,0,0
2025-11-01 23:02:10,0,0
2025-11-02 00:09:48,0,0
2025-11-02 01:30:02,0,0
2025-11-02 02:32:26,0,0
2025-11-02 03:23:01,0,0
2025-11-02 04:04:07,0,0
2025-11-02 05:02:13,0,0
2025-11-02 06:03:14,0,0
2025-11-02 07:02:13,0,0
2025-11-02 08:02:36,0,0
2025-11-02 09:02:05,0,0
2025-11-02 10:02:07,0,0
2025-11-02 11:01:58,0,0
2025-11-02 12:03:21,0,0
2025-11-02 13:06:23,0,0
2025-11-02 14:02:01,0,0
2025-11-02 15:02:10,0,0
2025-11-02 16:02:09,0,0
2025-11-02 17:02:09,0,0
2025-11-02 18:02:57,0,0
2025-11-02 19:01:53,0,0
2025-11-02 20:02:11,0,0
2025-11-02 21:02:00,0,0
2025-11-02 22:02:07,0,0
2025-11-02 23:02:05,0,0
2025-11-03 00:09:48,0,0
2025-11-03 01:30:18,0,0
2025-11-03 02:32:30,0,0
2025-11-03 03:24:50,0,0
2025-11-03 04:07:04,0,0
2025-11-03 05:02:16,0,0
2025-11-03 06:03:28,0,0
2025-11-03 07:02:33,0,0
2025-11-03 08:03:33,0,0
2025-11-03 09:03:10,0,0
2025-11-03 10:02:35,0,0
2025-11-03 11:02:12,0,0
2025-11-03 12:03:51,0,0
2025-11-03 13:10:40,0,0
2025-11-03 14:02:25,0,0
2025-11-03 15:02:28,0,0
2025-11-03 16:02:35,0,0
2025-11-03 17:02:14,0,0
2025-11-03 18:03:21,0,0
2025-11-03 19:02:00,0,0
2025-11-03 20:02:31,0,0
2025-11-03 21:02:15,0,0
2025-11-03 22:02:11,0,0
2025-11-03 23:02:05,0,0
2025-11-04 00:09:19,0,0
2025-11-04 01:30:03,0,0
2025-11-04 02:30:49,0,0
2025-11-04 03:20:17,0,0
2025-11-04 04:02:43,0,0
2025-11-04 05:02:24,0,0
2025-11-04 06:03:27,0,0
2025-11-04 07:02:19,0,0
2025-11-04 08:03:29,0,0
2025-11-04 09:02:58,0,0
2025-11-04 10:02:31,0,0
2025-11-04 11:02:13,0,0
2025-11-04 12:04:02,0,0
2025-11-04 13:13:04,0,0
2025-11-04 14:02:25,0,0
2025-11-04 15:02:26,0,0
2025-11-04 16:02:41,0,0
2025-11-04 17:02:18,0,0
2025-11-04 18:03:36,0,0
2025-11-04 19:02:01,0,0
2025-11-04 20:02:33,0,0
2025-11-04 21:02:14,0,0
2025-11-04 22:02:03,0,0
2025-11-04 23:02:15,0,0
2025-11-05 00:09:28,0,0
2025-11-05 01:30:16,0,0
2025-11-05 02:31:15,0,0
2025-11-05 03:21:05,0,0
2025-11-05 04:03:07,0,0
2025-11-05 05:02:20,0,0
2025-11-05 06:03:26,0,0
2025-11-05 07:02:24,0,0
2025-11-05 08:03:29,0,0
2025-11-05 09:02:42,0,0
2025-11-05 10:02:34,0,0
2025-11-05 11:02:11,0,0
2025-11-05 12:03:50,0,0
2025-11-05 13:11:23,0,0
2025-11-05 14:02:19,0,0
2025-11-05 15:02:31,0,0
2025-11-05 16:02:38,0,0
2025-11-05 17:02:42,0,0
2025-11-05 18:03:25,0,0
2025-11-05 19:02:14,0,0
2025-11-05 20:02:23,0,0
2025-11-05 21:02:22,0,0
2025-11-05 22:02:13,0,0
2025-11-05 23:02:07,0,0
2025-11-06 00:09:31,0,0
2025-11-06 01:30:06,0,0
2025-11-06 02:31:36,0,0
2025-11-06 03:22:49,0,0
2025-11-06 04:05:29,0,0
2025-11-06 05:02:36,0,0
2025-11-06 06:03:27,0,0
2025-11-06 07:02:18,0,0
2025-11-06 08:02:45,0,0
2025-11-06 09:02:39,0,0
2025-11-06 10:02:28,0,0
2025-11-06 11:02:08,0,0
2025-11-06 12:03:46,0,0
2025-11-06 13:11:16,0,0
2025-11-06 14:02:32,0,0
2025-11-06 15:02:38,0,0
2025-11-06 16:02:33,0,0
2025-11-06 17:03:49,0,0
2025-11-06 18:03:42,0,0
2025-11-06 19:02:23,0,0
2025-11-06 20:02:23,0,0
2025-11-06 21:02:14,0,0
2025-11-06 22:02:09,0,0
2025-11-06 23:02:14,0,0
2025-11-07 00:09:44,0,0
2025-11-07 01:29:53,0,0
2025-11-07 02:31:01,0,0
2025-11-07 03:20:55,0,0
2025-11-07 04:02:50,0,0
2025-11-07 05:02:16,0,0
2025-11-07 06:03:29,0,0
2025-11-07 07:02:15,0,0
2025-11-07 08:03:24,0,0
2025-11-07 09:02:32,0,0
2025-11-07 10:02:25,0,0
2025-11-07 11:02:10,0,0
2025-11-07 12:03:41,0,0
2025-11-07 13:10:05,0,0
2025-11-07 14:02:20,0,0
2025-11-07 15:02:25,0,0
2025-11-07 16:02:22,0,0
2025-11-07 17:02:10,0,0
2025-11-07 18:03:16,0,0
2025-11-07 19:02:09,0,0
2025-11-07 20:02:22,0,0
2025-11-07 21:01:56,0,0
2025-11-07 22:02:09,0,0
2025-11-07 23:02:18,0,0
2025-11-08 00:08:35,0,0
2025-11-08 01:29:41,0,0
2025-11-08 02:28:13,0,0
2025-11-08 03:16:31,0,0
2025-11-08 04:02:17,0,0
2025-11-08 05:02:15,0,0
2025-11-08 06:03:07,0,0
2025-11-08 07:01:59,0,0
2025-11-08 08:02:46,0,0
2025-11-08 09:02:02,0,0
2025-11-08 10:02:05,0,0
2025-11-08 11:02:07,0,0
2025-11-08 12:03:25,0,0
2025-11-08 13:06:58,0,0
2025-11-08 14:01:58,0,0
2025-11-08 15:02:08,0,0
2025-11-08 16:02:10,0,0
2025-11-08 17:02:01,0,0
2025-11-08 18:02:48,0,0
2025-11-08 19:02:02,0,0
2025-11-08 20:02:12,0,0
2025-11-08 21:02:00,0,0
2025-11-08 22:02:09,0,0
2025-11-08 23:02:05,0,0
2025-11-09 00:10:11,0,0
2025-11-09 01:30:06,0,0
2025-11-09 02:32:03,0,0
2025-11-09 03:21:42,0,0
2025-11-09 04:02:55,0,0
2025-11-09 05:02:21,0,0
2025-11-09 06:03:15,0,0
2025-11-09 07:02:07,0,0
2025-11-09 08:02:34,0,0
2025-11-09 09:02:08,0,0
2025-11-09 10:02:10,0,1
2025-11-09 11:01:56,0,0
2025-11-09 12:03:24,0,0
2025-11-09 13:06:50,0,0
2025-11-09 14:01:57,0,0
2025-11-09 15:02:02,0,0
2025-11-09 16:02:11,0,0
2025-11-09 17:02:03,0,0
2025-11-09 18:03:14,0,0
2025-11-09 19:01:54,0,0
2025-11-09 20:02:11,0,0
2025-11-09 21:02:06,0,0
2025-11-09 22:01:57,0,0
2025-11-09 23:02:07,0,0
2025-11-10 00:09:53,0,0
2025-11-10 01:30:27,0,0
2025-11-10 02:33:04,0,0
2025-11-10 03:26:12,0,0
2025-11-10 04:06:53,0,0
2025-11-10 05:02:36,0,0
2025-11-10 06:03:31,0,0
2025-11-10 07:02:18,0,0
2025-11-10 08:03:30,0,0
2025-11-10 09:03:21,0,0
2025-11-10 10:02:46,0,0
2025-11-10 11:02:07,0,0
2025-11-10 12:03:50,0,0
2025-11-10 13:11:21,0,0
2025-11-10 14:02:23,0,0
2025-11-10 15:02:25,0,0
2025-11-10 16:02:29,0,0
2025-11-10 17:02:22,0,0
2025-11-10 18:03:30,0,0
2025-11-10 19:02:07,0,0
2025-11-10 20:02:29,0,0
2025-11-10 21:02:11,0,0
2025-11-10 22:02:20,0,0
2025-11-10 23:02:18,0,0
2025-11-11 00:09:45,0,0
2025-11-11 01:30:02,0,0
2025-11-11 02:31:40,0,0
2025-11-11 03:22:26,0,0
2025-11-11 04:04:56,0,0
2025-11-11 05:02:35,0,0
2025-11-11 06:03:32,0,0
2025-11-11 07:02:19,0,0
2025-11-11 08:03:23,0,0
2025-11-11 09:02:35,0,0
2025-11-11 10:02:33,0,0
2025-11-11 11:02:15,0,0
2025-11-11 12:03:42,0,0
2025-11-11 13:11:22,0,0
2025-11-11 14:02:18,0,0
2025-11-11 15:02:25,0,0
2025-11-11 16:02:27,0,0
2025-11-11 17:02:25,0,0
2025-11-11 18:03:23,0,0
2025-11-11 19:02:00,0,0
2025-11-11 20:02:20,0,0
2025-11-11 21:02:09,0,0
2025-11-11 22:02:15,0,0
2025-11-11 23:02:11,0,0
2025-11-12 00:09:44,0,0
2025-11-12 01:30:01,0,0
2025-11-12 02:31:13,0,0
2025-11-12 03:21:33,0,0
2025-11-12 04:03:57,0,0
2025-11-12 05:02:15,0,0
2025-11-12 06:03:27,0,0
2025-11-12 07:02:22,0,0
2025-11-12 08:03:30,0,0
2025-11-12 10:02:22,0,0
2025-11-12 11:02:08,0,0
2025-11-12 12:03:43,0,0
2025-11-12 13:12:18,0,0
2025-11-12 14:02:24,0,0
2025-11-12 15:02:27,0,0
2025-11-12 16:02:55,0,0
2025-11-12 17:03:14,0,0
2025-11-12 18:03:32,0,0
2025-11-12 19:02:12,0,0
2025-11-12 20:02:21,0,0
2025-11-12 21:02:17,0,0
2025-11-12 22:02:21,0,0
2025-11-12 23:02:17,0,0
2025-11-13 00:09:40,0,0
2025-11-13 01:30:02,0,0
2025-11-13 02:31:55,0,0
2025-11-13 03:23:06,0,0
2025-11-13 04:05:44,0,0
2025-11-13 05:02:20,0,0
2025-11-13 06:03:27,0,0
2025-11-13 07:02:25,0,0
2025-11-13 08:03:23,0,0
2025-11-13 09:03:05,0,0
2025-11-13 10:02:25,0,0
2025-11-13 11:02:25,0,0
2025-11-13 12:03:48,0,0
2025-11-13 13:12:10,0,0
2025-11-13 14:02:21,0,0
2025-11-13 15:02:30,0,0
2025-11-13 16:02:36,0,0
2025-11-13 17:02:47,0,0
2025-11-13 18:02:52,0,0
2025-11-13 19:01:59,0,0
2025-11-13 20:02:29,0,0
2025-11-13 21:02:20,0,0
2025-11-13 22:02:12,0,0
2025-11-13 23:02:13,0,0
2025-11-14 00:09:42,0,0
2025-11-14 01:30:11,0,0
2025-11-14 02:31:26,0,0
2025-11-14 03:22:01,0,0
2025-11-14 04:04:02,0,0
2025-11-14 05:02:16,0,0
2025-11-14 06:03:33,0,0
2025-11-14 07:02:19,0,0
2025-11-14 08:03:33,0,0
2025-11-14 09:02:29,0,0
2025-11-14 10:02:33,0,0
2025-11-14 11:02:11,0,0
2025-11-14 12:03:50,0,0
2025-11-14 13:10:32,0,0
2025-11-14 14:02:15,0,0
2025-11-14 15:02:18,0,0
2025-11-14 16:02:28,0,0
2025-11-14 17:02:10,0,0
2025-11-14 18:03:22,0,0
2025-11-14 19:02:21,0,0
2025-11-14 20:02:29,0,0
2025-11-14 21:02:01,0,0
2025-11-14 22:02:09,0,0
2025-11-14 23:02:16,0,0
2025-11-15 00:09:13,0,0
2025-11-15 01:30:07,0,0
2025-11-15 02:29:50,0,0
2025-11-15 03:19:01,0,0
2025-11-15 04:02:27,0,0
2025-11-15 05:02:16,0,0
2025-11-15 06:03:19,0,0
2025-11-15 07:02:03,0,0
2025-11-15 08:03:07,0,0
2025-11-15 09:02:13,0,0
2025-11-15 10:02:09,0,0
2025-11-15 11:02:02,0,0
2025-11-15 12:03:24,0,0
2025-11-15 13:07:09,0,0
2025-11-15 14:02:02,0,0
2025-11-15 15:02:10,0,0
2025-11-15 16:02:08,0,0
2025-11-15 17:01:53,0,0
2025-11-15 18:02:55,0,0
2025-11-15 19:02:00,0,0
2025-11-15 20:02:11,0,0
2025-11-15 21:01:49,0,0
2025-11-15 22:01:57,0,0
2025-11-15 23:02:14,0,0
2025-11-16 00:09:56,0,0
2025-11-16 01:30:31,0,0
2025-11-16 02:32:55,0,0
2025-11-16 03:25:16,0,0
2025-11-16 04:06:05,0,0
2025-11-16 05:02:18,0,0
2025-11-16 06:03:20,0,0
2025-11-16 07:02:08,0,0
2025-11-16 08:02:27,0,0
2025-11-16 09:02:13,0,0
2025-11-16 10:02:11,0,0
2025-11-16 11:02:00,0,0
2025-11-16 12:03:25,0,0
2025-11-16 13:07:16,0,0
2025-11-16 14:02:02,0,0
2025-11-16 15:02:04,0,2
2025-11-16 16:02:15,0,0
2025-11-16 17:02:05,0,0
2025-11-16 18:03:14,0,0
2025-11-16 19:01:51,0,0
2025-11-16 20:02:15,0,0
2025-11-16 21:01:55,0,0
2025-11-16 22:02:00,0,0
2025-11-16 23:02:10,0,0
2025-11-17 00:09:42,0,0
2025-11-17 01:30:13,0,0
2025-11-17 02:32:12,0,0
2025-11-17 03:24:23,0,0
2025-11-17 04:05:46,0,0
2025-11-17 05:02:22,0,0
2025-11-17 06:03:32,0,0
2025-11-17 07:02:31,0,0
2025-11-17 08:03:33,0,0
2025-11-17 09:03:28,0,0
2025-11-17 10:02:25,0,0
2025-11-17 11:02:04,0,0
2025-11-17 12:03:45,0,0
2025-11-17 13:11:37,0,0
2025-11-17 14:02:18,0,0
2025-11-17 15:02:54,0,0
2025-11-17 16:02:31,0,0
2025-11-17 17:02:57,0,0
2025-11-17 18:03:18,0,0
2025-11-17 19:02:02,0,0
2025-11-17 20:02:24,0,0
2025-11-17 21:02:16,0,0
2025-11-17 22:02:22,0,0
2025-11-17 23:02:11,0,0
2025-11-18 00:09:52,0,0
2025-11-18 01:30:06,0,0
2025-11-18 02:31:13,0,0
2025-11-18 03:21:44,0,0
2025-11-18 04:03:39,0,0
2025-11-18 05:02:19,0,0
2025-11-18 06:03:31,0,0
2025-11-18 07:02:17,0,0
2025-11-18 08:03:22,0,0
2025-11-18 09:02:31,0,0
2025-11-18 10:02:42,0,0
2025-11-18 11:02:18,0,0
2025-11-18 12:03:42,0,0
2025-11-18 13:11:28,0,0
2025-11-18 14:02:16,0,0
2025-11-18 15:02:28,0,0
2025-11-18 16:02:36,0,0
2025-11-18 17:03:13,0,0
2025-11-18 18:03:28,0,0
2025-11-18 19:02:18,0,0
2025-11-18 20:02:23,0,0
2025-11-18 22:02:12,0,0
2025-11-18 23:02:11,0,0
2025-11-19 00:09:47,0,0
2025-11-19 01:30:19,0,0
2025-11-19 02:31:25,0,0
2025-11-19 03:21:29,0,0
2025-11-19 04:03:37,0,0
2025-11-19 05:02:21,0,0
2025-11-19 06:03:24,0,0
2025-11-19 07:02:23,0,0
2025-11-19 08:03:17,0,0
2025-11-19 09:02:33,0,0
2025-11-19 10:02:29,0,0
2025-11-19 11:02:13,0,0
2025-11-19 12:03:44,0,0
2025-11-19 13:11:22,0,0
2025-11-19 14:02:15,0,0
2025-11-19 15:02:30,0,0
2025-11-19 16:03:02,0,0
2025-11-19 17:02:51,0,0
2025-11-19 18:03:35,0,0
2025-11-19 19:02:13,0,0
2025-11-19 20:02:15,0,0
2025-11-19 21:02:10,0,0
2025-11-19 22:02:17,0,0
2025-11-19 23:02:16,0,0
2025-11-20 00:09:39,0,0
2025-11-20 01:30:15,0,0
2025-11-20 02:30:39,0,0
2025-11-20 03:20:39,0,0
2025-11-20 04:02:46,0,0
2025-11-20 05:02:13,0,0
2025-11-20 06:03:17,0,0
2025-11-20 07:02:27,0,0
2025-11-20 08:03:22,0,0
2025-11-20 09:02:42,0,0
2025-11-20 10:02:28,0,0
2025-11-20 11:02:26,0,0
2025-11-20 12:04:00,0,0
2025-11-20 13:11:01,0,0
2025-11-20 14:02:09,0,0
2025-11-20 15:02:23,0,0
2025-11-20 16:02:27,0,0
2025-11-20 17:03:19,0,0
2025-11-20 18:03:20,0,0
2025-11-20 19:02:08,0,0
2025-11-20 20:02:18,0,0
2025-11-20 21:02:27,0,0
2025-11-20 22:02:25,0,0
2025-11-20 23:02:14,0,0
2025-11-21 00:09:34,0,0
2025-11-21 01:29:44,0,0
2025-11-21 02:30:44,0,0
2025-11-21 03:20:57,0,0
2025-11-21 04:02:55,0,0
2025-11-21 05:02:17,0,0
2025-11-21 06:03:28,0,0
2025-11-21 07:02:38,0,0
2025-11-21 08:03:18,0,0
2025-11-21 09:02:16,0,0
2025-11-21 10:02:16,0,0
2025-11-21 11:02:13,0,0
2025-11-21 12:03:36,0,0
2025-11-21 13:09:55,0,0
2025-11-21 14:02:24,0,0
2025-11-21 15:02:24,0,0
2025-11-21 16:02:36,0,0
2025-11-21 17:02:12,0,0
2025-11-21 18:03:30,0,0
2025-11-21 19:02:03,0,0
2025-11-21 20:02:19,0,0
2025-11-21 21:02:09,0,0
2025-11-21 22:02:16,0,0
2025-11-21 23:02:06,0,0
2025-11-22 00:09:11,0,0
2025-11-22 01:29:37,0,0
2025-11-22 02:29:24,0,0
2025-11-22 03:17:52,0,0
2025-11-22 04:02:57,0,0
2025-11-22 05:02:16,0,0
2025-11-22 06:03:09,0,0
2025-11-22 07:02:06,0,0
2025-11-22 08:02:57,0,0
2025-11-22 09:02:10,0,0
2025-11-22 10:02:06,0,0
2025-11-22 11:01:52,0,0
2025-11-22 12:03:23,0,0
2025-11-22 13:07:03,0,0
2025-11-22 14:01:59,0,0
2025-11-22 15:01:58,0,0
2025-11-22 16:02:18,0,0
2025-11-22 17:02:07,0,0
2025-11-22 18:02:59,0,0
2025-11-22 19:02:05,0,0
2025-11-22 20:02:14,0,0
2025-11-22 21:02:00,0,0
2025-11-22 22:01:57,0,0
2025-11-22 23:02:09,0,0
2025-11-23 00:10:34,0,0
2025-11-23 01:30:36,0,0
2025-11-23 02:38:32,0,0
2025-11-23 03:29:44,0,0
2025-11-23 04:12:01,0,0
2025-11-23 05:02:20,0,0
2025-11-23 06:03:16,0,0
2025-11-23 07:02:16,0,0
2025-11-23 08:03:10,0,0
2025-11-23 09:02:32,0,0
2025-11-23 10:02:16,0,0
2025-11-23 11:01:52,0,0
2025-11-23 12:03:12,0,0
2025-11-23 13:06:31,0,0
2025-11-23 14:02:03,0,0
2025-11-23 15:02:01,0,0
2025-11-23 16:02:18,0,0
2025-11-23 17:02:03,0,0
2025-11-23 18:03:08,0,0
2025-11-23 19:02:01,0,0
2025-11-23 20:02:20,0,0
2025-11-23 21:02:06,0,0
2025-11-23 22:01:57,0,0
2025-11-23 23:02:11,0,0
2025-11-24 00:09:55,0,0
2025-11-24 01:30:27,0,0
2025-11-24 02:34:41,0,0
2025-11-24 03:29:23,0,0
2025-11-24 04:11:27,0,0
2025-11-24 05:03:06,0,0
2025-11-24 06:03:32,0,0
2025-11-24 07:02:20,0,0
2025-11-24 08:03:23,0,0
2025-11-24 09:03:13,0,0
2025-11-24 10:03:15,0,0
2025-11-24 11:02:17,0,0
2025-11-24 12:03:41,0,0
2025-11-24 13:12:00,0,0
2025-11-24 14:02:27,0,0
2025-11-24 15:02:34,0,0
2025-11-24 16:02:26,0,0
2025-11-24 17:02:17,0,0
2025-11-24 18:03:40,0,0
2025-11-24 19:02:05,0,0
2025-11-24 20:02:29,0,0
2025-11-24 21:02:12,0,0
2025-11-24 22:02:03,0,0
2025-11-24 23:02:06,0,0
2025-11-25 00:08:32,0,0
2025-11-25 01:30:18,0,0
2025-11-25 02:31:53,0,0
2025-11-25 03:23:23,0,0
2025-11-25 04:05:56,0,0
2025-11-25 05:02:14,0,0
2025-11-25 06:03:34,0,0
2025-11-25 07:02:42,0,0
2025-11-25 08:03:31,0,0
2025-11-25 09:03:27,0,0
2025-11-25 10:02:40,0,0
2025-11-25 11:02:19,0,0
2025-11-25 12:03:57,0,0
2025-11-25 13:12:01,0,0
2025-11-25 14:02:29,0,0
2025-11-25 15:02:22,0,0
2025-11-25 16:02:52,0,0
2025-11-25 17:03:35,0,0
2025-11-25 18:03:24,0,0
2025-11-25 19:02:05,0,0
2025-11-25 20:02:18,0,0
2025-11-25 21:02:13,0,0
2025-11-25 22:02:14,0,0
2025-11-25 23:02:12,0,0
2025-11-26 00:09:34,0,0
2025-11-26 01:29:57,0,0
2025-11-26 02:32:17,0,0
2025-11-26 03:23:32,0,0
2025-11-26 04:05:40,0,0
2025-11-26 05:02:16,0,0
2025-11-26 06:03:28,0,0
2025-11-26 07:02:22,0,0
2025-11-26 08:03:19,0,0
2025-11-26 09:02:54,0,0
2025-11-26 10:02:33,0,0
2025-11-26 11:02:20,0,0
2025-11-26 12:03:53,0,0
2025-11-26 13:13:20,0,0
2025-11-26 14:02:24,0,0
2025-11-26 15:02:12,0,0
2025-11-26 16:02:26,0,0
2025-11-26 17:02:28,0,0
2025-11-26 18:03:24,0,0
2025-11-26 19:02:08,0,0
2025-11-26 20:02:15,0,0
2025-11-26 21:02:12,0,0
2025-11-26 22:02:11,0,0
2025-11-26 23:02:09,0,0
2025-11-27 00:09:20,0,0
2025-11-27 01:30:00,0,0
2025-11-27 02:31:08,0,0
2025-11-27 03:21:22,0,0
2025-11-27 04:03:47,0,0
2025-11-27 05:02:28,0,0
2025-11-27 06:03:36,0,0
2025-11-27 07:02:48,0,0
2025-11-27 08:03:28,0,0
2025-11-27 09:02:36,0,0
2025-11-27 10:02:25,0,0
2025-11-27 11:02:14,0,0
2025-11-27 12:03:47,0,0
2025-11-27 13:11:39,0,0
2025-11-27 14:02:17,0,0
2025-11-27 15:02:21,0,0
2025-11-27 16:02:49,0,0
2025-11-27 17:02:00,0,0
2025-11-27 18:03:16,0,0
2025-11-27 19:02:08,0,0
2025-11-27 20:02:21,0,0
2025-11-27 21:01:57,0,0
2025-11-27 22:02:06,0,0
2025-11-27 23:02:13,0,0
2025-11-28 00:09:44,0,0
2025-11-28 01:30:01,0,0
2025-11-28 02:31:09,0,0
2025-11-28 03:21:42,0,0
2025-11-28 04:03:37,0,0
2025-11-28 05:02:27,0,0
2025-11-28 06:03:29,0,0
2025-11-28 07:02:40,0,0
2025-11-28 08:03:33,0,0
2025-11-28 09:03:02,0,0
2025-11-28 10:02:20,0,0
2025-11-28 11:02:06,0,0
2025-11-28 12:03:41,0,0
2025-11-28 13:10:49,0,0
2025-11-28 14:02:18,0,0
2025-11-28 15:02:18,0,0
2025-11-28 16:02:30,0,0
2025-11-28 17:02:03,0,0
2025-11-28 18:03:14,0,0
2025-11-28 19:01:54,0,0
2025-11-28 20:02:19,0,0
2025-11-28 21:01:59,0,0
2025-11-28 22:02:06,0,0
2025-11-28 23:02:13,0,0
2025-11-29 00:09:23,0,0
2025-11-29 01:30:00,0,0
2025-11-29 02:30:51,0,0
2025-11-29 03:21:46,0,0
2025-11-29 04:03:13,0,0
2025-11-29 05:02:19,0,0
2025-11-29 06:03:22,0,0
2025-11-29 07:02:09,0,0
2025-11-29 08:03:10,0,0
2025-11-29 09:02:22,0,0
2025-11-29 10:02:08,0,0
2025-11-29 11:02:08,0,0
2025-11-29 12:03:32,0,0
2025-11-29 13:08:11,0,0
2025-11-29 14:02:09,0,0
2025-11-29 15:02:06,0,0
2025-11-29 16:02:15,0,0
2025-11-29 17:02:08,0,0
2025-11-29 18:03:12,0,0
2025-11-29 19:01:57,0,0
2025-11-29 20:02:22,0,0
2025-11-29 21:02:05,0,0
2025-11-29 22:02:10,0,0
2025-11-29 23:02:06,0,0
2025-11-30 00:10:46,0,0
2025-11-30 01:30:30,0,0
2025-11-30 02:37:41,0,0
2025-11-30 03:29:38,0,0
2025-11-30 04:12:26,0,0
2025-11-30 05:02:26,0,0
2025-11-30 06:03:24,0,0
2025-11-30 07:02:19,0,0
2025-11-30 08:03:01,0,0
2025-11-30 09:02:03,0,0
2025-11-30 10:02:12,0,0
2025-11-30 11:02:03,0,0
2025-11-30 12:03:27,0,0
2025-11-30 13:08:14,0,0
2025-11-30 14:02:04,0,0
2025-11-30 15:02:06,0,0
2025-11-30 16:02:18,0,0
2025-11-30 17:02:07,0,0
2025-11-30 18:03:14,0,0
2025-11-30 19:02:06,0,0
2025-11-30 20:02:12,0,0
2025-11-30 21:02:01,0,0
2025-11-30 22:02:17,0,0
2025-11-30 23:02:18,0,0
2025-12-01 00:11:50,0,0
2025-12-01 01:31:13,0,0
2025-12-01 02:45:11,0,0
2025-12-01 03:32:36,0,0
2025-12-01 04:20:59,0,0
2025-12-01 05:08:24,0,0
2025-12-01 06:03:33,0,0
2025-12-01 07:03:48,0,0
2025-12-01 08:03:31,0,0
2025-12-01 09:04:39,0,0
2025-12-01 10:02:45,0,0
2025-12-01 11:02:15,0,0
2025-12-01 12:03:49,0,0
2025-12-01 13:13:32,0,0
2025-12-01 14:02:26,0,1
2025-12-01 15:02:30,0,0
2025-12-01 16:02:39,0,0
2025-12-01 17:03:44,0,0
2025-12-01 18:03:35,0,0
2025-12-01 19:04:43,0,0
2025-12-01 20:02:28,0,0
2025-12-01 21:02:12,0,0
2025-12-01 22:02:09,0,0
2025-12-01 23:02:15,0,0
2025-12-02 00:09:52,0,0
2025-12-02 01:30:16,0,0
2025-12-02 02:32:42,0,0
2025-12-02 03:26:17,0,0
2025-12-02 04:08:29,0,0
2025-12-02 05:02:33,0,0
2025-12-02 06:03:32,0,0
2025-12-02 07:03:51,0,0
2025-12-02 08:03:32,0,0
2025-12-02 09:04:52,0,0
2025-12-02 10:02:36,0,0
2025-12-02 11:02:36,0,0
2025-12-02 12:03:49,0,0
2025-12-02 13:13:37,0,0
2025-12-02 14:02:39,0,0
2025-12-02 15:02:27,0,0
2025-12-02 16:03:04,0,0
2025-12-02 17:04:38,0,0
2025-12-02 18:03:39,0,0
2025-12-02 19:03:40,0,0
2025-12-02 20:02:29,0,0
2025-12-02 21:02:19,0,0
2025-12-02 22:02:11,0,0
2025-12-02 23:02:08,0,0
2025-12-03 00:09:42,0,0
2025-12-03 01:30:13,0,0
2025-12-03 02:32:24,0,0
2025-12-03 03:25:14,0,0
2025-12-03 04:07:21,0,0
2025-12-03 05:02:38,0,0
2025-12-03 06:03:29,0,0
2025-12-03 07:03:16,0,0
2025-12-03 08:03:25,0,0
2025-12-03 09:04:38,0,0
2025-12-03 10:02:37,0,0
2025-12-03 11:02:27,0,0
2025-12-03 12:03:46,0,0
2025-12-03 13:13:42,0,0
2025-12-03 14:02:46,0,0
2025-12-03 15:02:38,0,0
2025-12-03 16:02:47,0,0
2025-12-03 17:04:24,0,0
2025-12-03 18:03:42,0,0
2025-12-03 19:02:36,0,0
2025-12-03 20:02:26,0,0
2025-12-03 21:02:17,0,0
2025-12-03 22:02:19,0,0
2025-12-03 23:02:02,0,0
2025-12-04 00:09:57,0,0
2025-12-04 01:30:23,0,0
2025-12-04 02:32:50,0,0
2025-12-04 03:27:18,0,0
2025-12-04 04:08:38,0,0
2025-12-04 05:02:32,0,0
2025-12-04 06:03:25,0,0
2025-12-04 07:03:21,0,0
2025-12-04 08:03:35,0,0
2025-12-04 09:03:50,0,0
2025-12-04 10:02:32,0,0
2025-12-04 11:02:33,0,0
2025-12-04 12:03:51,0,0
2025-12-04 13:13:41,0,0
2025-12-04 14:02:42,0,0
2025-12-04 15:02:38,0,0
2025-12-04 16:02:50,0,0
2025-12-04 17:04:42,0,0
2025-12-04 18:03:36,0,0
2025-12-04 19:03:25,0,0
2025-12-04 20:02:29,0,0
2025-12-04 21:02:13,0,0
2025-12-04 22:02:12,0,0
2025-12-04 23:02:10,0,0
2025-12-05 00:09:51,0,0
2025-12-05 01:30:32,0,0
2025-12-05 02:32:54,0,0
2025-12-05 03:26:14,0,0
2025-12-05 04:07:43,0,0
2025-12-05 05:02:18,0,0
2025-12-05 06:03:36,0,0
2025-12-05 07:03:07,0,0
2025-12-05 08:03:24,0,0
2025-12-05 09:03:04,0,0
2025-12-05 10:02:28,0,0
2025-12-05 11:02:20,0,0
2025-12-05 12:03:43,0,0
2025-12-05 13:11:45,0,0
2025-12-05 14:02:31,0,0
2025-12-05 15:02:28,0,0
2025-12-05 16:02:38,0,0
2025-12-05 17:03:11,0,0
2025-12-05 18:02:54,0,0
2025-12-05 19:02:12,0,0
2025-12-05 20:02:19,0,0
2025-12-05 21:02:20,0,0
2025-12-05 22:02:04,0,0
2025-12-05 23:02:19,0,0
2025-12-06 00:09:25,0,0
2025-12-06 01:29:59,0,0
2025-12-06 02:30:27,0,0
2025-12-06 03:20:23,0,0
2025-12-06 04:02:31,0,0
2025-12-06 05:02:10,0,0
2025-12-06 06:03:12,0,0
2025-12-06 07:02:14,0,0
2025-12-06 08:02:42,0,0
2025-12-06 09:02:12,0,0
2025-12-06 10:02:12,0,0
2025-12-06 11:01:54,0,0
2025-12-06 12:03:33,0,0
2025-12-06 13:08:30,0,0
2025-12-06 14:02:04,0,0
2025-12-06 15:02:01,0,0
2025-12-06 16:02:20,0,0
2025-12-06 17:02:10,0,0
2025-12-06 18:03:12,0,0
2025-12-06 19:02:00,0,0
2025-12-06 20:02:16,0,0
2025-12-06 21:02:11,0,0
2025-12-06 22:02:07,0,0
2025-12-06 23:02:07,0,0
2025-12-07 00:11:05,0,0
2025-12-07 01:30:27,0,0
2025-12-07 02:37:59,0,0
2025-12-07 03:29:36,0,0
2025-12-07 04:12:17,0,0
2025-12-07 05:02:04,0,0
2025-12-07 06:03:12,0,0
2025-12-07 07:02:09,0,0
2025-12-07 08:02:52,0,0
2025-12-07 09:02:07,0,0
2025-12-07 10:02:14,0,0
2025-12-07 11:01:59,0,0
2025-12-07 12:03:23,0,0
2025-12-07 13:07:49,0,0
2025-12-07 14:02:06,0,0
2025-12-07 15:02:04,0,0
2025-12-07 16:02:23,0,0
2025-12-07 17:02:04,0,0
2025-12-07 18:03:12,0,0
2025-12-07 19:01:54,0,0
2025-12-07 20:02:18,0,0
2025-12-07 21:02:03,0,0
2025-12-07 22:02:13,0,0
2025-12-07 23:02:05,0,0
2025-12-08 00:10:15,0,0
2025-12-08 01:30:24,0,0
2025-12-08 02:33:14,0,0
2025-12-08 03:28:36,0,0
2025-12-08 04:10:14,0,0
2025-12-08 05:03:37,0,0
2025-12-08 06:03:40,0,0
2025-12-08 07:04:31,0,0
2025-12-08 08:03:34,0,0
2025-12-08 09:05:04,0,0
2025-12-08 10:02:36,0,0
2025-12-08 11:02:17,0,0
2025-12-08 12:03:51,0,0
2025-12-08 13:13:02,0,0
2025-12-08 14:02:30,0,0
2025-12-08 15:02:29,0,0
2025-12-08 16:02:34,0,0
2025-12-08 17:03:57,0,0
2025-12-08 18:04:00,0,0
2025-12-08 19:02:03,0,0
2025-12-08 20:02:26,0,0
2025-12-08 21:02:19,0,0
2025-12-08 22:02:10,0,0
2025-12-08 23:02:13,0,0
2025-12-09 00:09:48,0,0
2025-12-09 01:30:23,0,0
2025-12-09 02:32:46,0,0
2025-12-09 03:26:11,0,0
2025-12-09 04:07:22,0,0
2025-12-09 05:02:14,0,0
2025-12-09 06:03:34,0,0
2025-12-09 07:03:25,0,0
2025-12-09 08:03:37,0,0
2025-12-09 09:04:00,0,0
2025-12-09 10:02:38,0,0
2025-12-09 11:02:21,0,0
2025-12-09 12:03:46,0,0
2025-12-09 13:13:43,0,0
2025-12-09 14:02:38,0,0
2025-12-09 15:02:42,0,0
2025-12-09 16:03:13,0,0
2025-12-09 17:03:46,0,0
2025-12-09 18:02:38,0,0
2025-12-09 19:02:16,0,0
2025-12-09 20:02:17,0,0
2025-12-09 21:02:11,0,0
2025-12-09 22:02:20,0,0
2025-12-09 23:02:13,0,0
2025-12-10 00:10:04,0,0
2025-12-10 01:30:26,0,0
2025-12-10 02:33:47,0,0
2025-12-10 03:28:39,0,0
2025-12-10 04:10:20,0,0
2025-12-10 05:03:39,0,0
2025-12-10 06:03:37,0,0
2025-12-10 07:03:59,0,0
2025-12-10 08:03:27,0,0
2025-12-10 09:09:40,0,0
2025-12-10 10:02:36,0,0
2025-12-10 11:02:23,0,0
2025-12-10 12:03:53,0,0
2025-12-10 13:14:04,0,0
2025-12-10 14:03:09,0,0
2025-12-10 15:03:35,0,0
2025-12-10 16:03:12,0,0
2025-12-10 17:04:01,0,0
2025-12-10 18:03:39,0,0
2025-12-10 19:02:33,0,0
2025-12-10 20:02:26,0,0
2025-12-10 21:02:36,0,0
2025-12-10 22:02:31,0,0
2025-12-10 23:02:10,0,0
2025-12-11 00:11:04,0,0
2025-12-11 01:30:18,0,0
2025-12-11 02:34:47,0,0
2025-12-11 03:29:23,0,0
2025-12-11 04:12:05,0,0
2025-12-11 05:04:00,0,0
2025-12-11 06:03:43,0,0
2025-12-11 07:04:37,0,0
2025-12-11 08:03:30,0,0
2025-12-11 09:04:15,0,0
2025-12-11 10:02:30,0,0
2025-12-11 11:02:19,0,0
2025-12-11 12:03:55,0,0
2025-12-11 13:14:29,0,0
2025-12-11 14:03:28,0,0
2025-12-11 15:02:48,0,0
2025-12-11 16:03:39,0,0
2025-12-11 17:06:13,0,0
2025-12-11 18:02:41,0,0
2025-12-11 19:04:11,0,0
2025-12-11 20:02:36,0,0
2025-12-11 21:02:35,0,0
2025-12-11 22:02:26,0,0
2025-12-11 23:02:24,0,0
2025-12-12 00:10:12,0,0
2025-12-12 01:30:28,0,0
2025-12-12 02:34:52,0,0
2025-12-12 03:29:45,0,0
2025-12-12 04:11:27,0,0
2025-12-12 05:03:17,0,0
2025-12-12 06:03:37,0,0
2025-12-12 07:04:18,0,0
2025-12-12 08:03:25,0,0
2025-12-12 09:04:11,0,0
2025-12-12 10:02:30,0,0
2025-12-12 11:02:43,0,0
2025-12-12 12:03:51,0,0
2025-12-12 13:13:06,0,0
2025-12-12 14:02:27,0,0
2025-12-12 15:02:44,0,0
2025-12-12 16:02:26,0,0
2025-12-12 17:02:22,0,0
2025-12-12 18:03:40,0,0
2025-12-12 19:02:42,0,0
2025-12-12 20:02:32,0,0
2025-12-12 21:02:14,0,0
2025-12-12 22:02:05,0,0
2025-12-12 23:02:17,0,0
2025-12-13 00:10:10,0,0
2025-12-13 02:31:48,0,0
2025-12-13 03:23:51,0,0
2025-12-13 04:05:40,0,0
2025-12-13 05:02:20,0,0
2025-12-13 06:03:20,0,0
2025-12-13 07:02:11,0,0
2025-12-13 08:03:16,0,0
2025-12-13 09:02:15,0,0
2025-12-13 10:02:10,0,0
2025-12-13 11:01:56,0,0
2025-12-13 12:03:41,0,0
2025-12-13 13:08:57,0,0
2025-12-13 14:02:06,0,0
2025-12-13 15:02:09,0,0
2025-12-13 16:02:23,0,0
2025-12-13 17:02:07,0,0
2025-12-13 18:03:05,0,0
2025-12-13 19:02:02,0,0
2025-12-13 20:02:21,0,0
2025-12-13 21:02:01,0,0
2025-12-13 22:02:08,0,0
2025-12-13 23:02:17,0,0
2025-12-14 00:11:06,0,0
2025-12-14 01:30:38,0,0
2025-12-14 02:39:13,0,0
2025-12-14 03:30:12,0,0
2025-12-14 04:14:18,0,0
2025-12-14 05:02:57,0,0
2025-12-14 06:03:28,0,0
2025-12-14 07:02:19,0,0
2025-12-14 08:03:21,0,0
2025-12-14 09:02:16,0,0
2025-12-14 10:02:16,0,0
2025-12-14 11:02:09,0,0
2025-12-14 12:03:32,0,0
2025-12-14 13:09:29,0,0
2025-12-14 14:02:05,0,0
2025-12-14 15:02:13,0,0
2025-12-14 16:02:16,0,0
2025-12-14 17:02:02,0,1
2025-12-14 18:03:20,0,0
2025-12-14 19:02:09,0,0
2025-12-14 20:02:24,0,0
2025-12-14 21:02:07,0,0
2025-12-14 22:02:05,0,0
2025-12-14 23:02:11,0,0
2025-12-15 00:10:34,0,0
2025-12-15 01:30:46,0,0
2025-12-15 02:37:57,0,0
2025-12-15 03:30:35,0,0
2025-12-15 04:17:05,0,0
2025-12-15 05:05:07,0,0
2025-12-15 06:03:40,0,0
2025-12-15 07:05:05,0,0
2025-12-15 08:03:41,0,0
2025-12-15 09:05:47,0,0
2025-12-15 10:03:16,0,0
2025-12-15 11:02:45,0,0
2025-12-15 12:04:02,0,0
2025-12-15 13:15:12,0,0
2025-12-15 14:03:59,0,0
2025-12-15 15:04:21,0,0
2025-12-15 16:03:28,0,0
2025-12-15 17:05:37,0,0
2025-12-15 18:03:36,0,0
2025-12-15 19:03:48,0,0
2025-12-15 20:02:27,0,0
2025-12-15 21:02:24,0,0
2025-12-15 22:02:19,0,0
2025-12-15 23:02:24,0,0
2025-12-16 00:10:40,0,0
2025-12-16 01:30:36,0,0
2025-12-16 02:35:10,0,0
2025-12-16 03:29:34,0,0
2025-12-16 04:12:37,0,0
2025-12-16 05:03:54,0,0
2025-12-16 06:03:43,0,0
2025-12-16 07:04:23,0,0
2025-12-16 08:03:34,0,0
2025-12-16 09:05:09,0,0
2025-12-16 10:02:33,0,0
2025-12-16 11:02:30,0,0
2025-12-16 12:03:58,0,0
2025-12-16 13:14:15,0,0
2025-12-16 14:03:34,0,0
2025-12-16 15:03:29,0,0
2025-12-16 16:03:03,0,0
2025-12-16 17:04:56,0,0
2025-12-16 18:03:48,0,0
2025-12-16 19:03:43,0,0
2025-12-16 20:02:30,0,0
2025-12-16 21:02:26,0,0
2025-12-16 22:02:16,0,0
2025-12-16 23:02:19,0,0
2025-12-17 00:09:16,0,0
2025-12-17 01:30:39,0,0
2025-12-17 02:33:08,0,0
2025-12-17 03:27:27,0,0
2025-12-17 04:09:47,0,0
2025-12-17 05:04:11,0,0
2025-12-17 06:03:44,0,0
2025-12-17 07:04:08,0,0
2025-12-17 08:03:28,0,0
2025-12-17 09:05:18,0,0
2025-12-17 10:02:24,0,0
2025-12-17 11:02:24,0,0
2025-12-17 12:03:55,0,0
2025-12-17 13:14:14,0,0
2025-12-17 14:02:33,0,0
2025-12-17 15:03:14,0,0
2025-12-17 16:03:27,0,0
2025-12-17 17:05:24,0,0
2025-12-17 18:03:55,0,0
2025-12-17 19:03:45,0,0
2025-12-17 20:02:41,0,0
2025-12-17 21:02:29,0,0
2025-12-17 22:02:16,0,0
2025-12-17 23:02:22,0,0
2025-12-18 00:08:26,0,0
2025-12-18 01:30:20,0,0
2025-12-18 02:33:13,0,0
2025-12-18 03:28:07,0,0
2025-12-18 04:10:26,0,0
2025-12-18 05:04:02,0,0
2025-12-18 06:03:34,0,0
2025-12-18 07:03:55,0,0
2025-12-18 08:03:31,0,0
2025-12-18 09:04:56,0,0
2025-12-18 10:02:22,0,0
2025-12-18 11:02:27,0,0
2025-12-18 12:04:01,0,0
2025-12-18 13:13:29,0,0
2025-12-18 14:03:28,0,0
2025-12-18 15:02:42,0,0
2025-12-18 16:02:59,0,0
2025-12-18 17:04:39,0,0
2025-12-18 18:03:57,0,0
2025-12-18 19:03:19,0,0
2025-12-18 20:02:25,0,0
2025-12-18 21:02:23,0,0
2025-12-18 22:02:17,0,0
2025-12-18 23:02:20,0,0
2025-12-19 00:10:25,0,0
2025-12-19 01:30:23,0,0
2025-12-19 02:34:30,0,0
2025-12-19 03:29:07,0,0
2025-12-19 04:11:50,0,0
2025-12-19 05:04:07,0,0
2025-12-19 06:03:38,0,0
2025-12-19 07:03:47,0,0
2025-12-19 08:03:31,0,0
2025-12-19 09:04:21,0,0
2025-12-19 10:02:24,0,0
2025-12-19 11:02:17,0,0
2025-12-19 12:03:39,0,0
2025-12-19 13:12:22,0,0
2025-12-19 14:02:24,0,0
2025-12-19 15:02:34,0,0
2025-12-19 16:03:14,0,0
2025-12-19 17:03:14,0,0
2025-12-19 18:03:27,0,0
2025-12-19 19:02:42,0,0
2025-12-19 20:02:28,0,0
2025-12-19 21:02:19,0,1
2025-12-19 22:02:18,0,1
2025-12-19 23:02:20,0,0
2025-12-20 00:10:00,0,0
2025-12-20 01:30:01,0,0
2025-12-20 02:31:34,0,0
2025-12-20 03:23:56,0,0
2025-12-20 04:05:53,0,0
2025-12-20 05:02:18,0,0
2025-12-20 06:03:21,0,1
2025-12-20 07:02:12,3600,5
2025-12-20 08:03:11,3600,5
2025-12-20 09:02:13,7200,8
2025-12-20 10:02:22,2400,4
2025-12-20 11:02:02,0,1
2025-12-20 12:03:30,0,0
2025-12-20 13:09:15,0,0
2025-12-20 14:02:14,0,0
2025-12-20 15:02:06,0,0
2025-12-20 16:02:19,12000,12
2025-12-20 17:02:08,12000,12
2025-12-20 18:03:08,15600,15
2025-12-20 19:01:51,21600,19
2025-12-20 20:02:16,20400,18
2025-12-20 21:02:12,15600,15
2025-12-20 22:02:03,15600,14
2025-12-20 23:02:11,13200,12
2025-12-21 00:11:02,4800,9
2025-12-21 01:30:37,1200,6
2025-12-21 02:39:00,0,4
2025-12-21 03:30:15,12000,4
2025-12-21 04:14:40,2400,4
2025-12-21 05:03:22,2400,4
2025-12-21 06:03:28,1200,3
2025-12-21 07:02:14,0,1
2025-12-21 08:03:17,1200,3
2025-12-21 09:02:22,0,2
2025-12-21 10:02:19,0,2
2025-12-21 11:02:03,0,0
2025-12-21 12:03:34,0,0
2025-12-21 13:09:37,0,2
2025-12-21 14:02:09,0,0
2025-12-21 15:02:07,0,2
2025-12-21 16:02:20,0,0
2025-12-21 17:01:54,0,0
2025-12-21 18:03:13,0,0
2025-12-21 19:01:58,0,0
2025-12-21 20:02:11,0,0
2025-12-21 21:01:59,0,0
2025-12-21 22:02:17,0,0
2025-12-21 23:02:12,0,0
2025-12-22 00:10:15,0,0
2025-12-22 01:30:56,0,0
2025-12-22 02:39:19,0,0
2025-12-22 03:31:00,0,0
2025-12-22 04:16:53,0,0
2025-12-22 05:05:01,0,0
2025-12-22 06:03:43,0,0
2025-12-22 07:04:50,0,0
2025-12-22 08:03:28,0,1
2025-12-22 09:04:42,0,0
2025-12-22 10:03:18,0,0
2025-12-22 11:02:16,0,0
2025-12-22 12:03:44,0,0
2025-12-22 13:12:31,0,0
2025-12-22 14:04:31,0,0
2025-12-22 15:02:22,0,0
2025-12-22 16:02:33,0,0
2025-12-22 17:02:38,0,0
2025-12-22 18:03:30,0,0
2025-12-22 19:02:52,0,0
2025-12-22 20:02:31,0,0
2025-12-22 21:02:16,0,0
2025-12-22 22:02:17,0,0
2025-12-22 23:02:10,0,0
2025-12-23 00:10:07,0,0
2025-12-23 01:30:38,0,0
2025-12-23 02:35:53,0,0
2025-12-23 03:29:54,0,0
2025-12-23 04:14:19,0,0
2025-12-23 05:04:26,0,0
2025-12-23 06:03:40,0,0
2025-12-23 07:04:48,0,0
2025-12-23 08:03:23,0,0
2025-12-23 09:04:25,0,0
2025-12-23 10:02:26,0,0
2025-12-23 11:02:23,0,0
2025-12-23 12:03:52,0,0
2025-12-23 13:13:47,0,0
2025-12-23 14:02:32,0,0
2025-12-23 15:02:35,0,0
2025-12-23 16:02:25,0,0
2025-12-23 17:03:28,0,0
2025-12-23 18:03:35,0,0
2025-12-23 19:03:19,0,0
2025-12-23 20:02:20,0,0
2025-12-23 21:02:28,0,0
2025-12-23 22:02:25,0,0
2025-12-23 23:02:16,0,0
2025-12-24 00:10:12,0,0
2025-12-24 01:30:30,0,0
2025-12-24 02:34:04,0,0
2025-12-24 03:29:23,0,0
2025-12-24 04:12:52,0,0
2025-12-24 05:04:44,0,0
2025-12-24 06:03:37,0,0
2025-12-24 07:04:32,0,0
2025-12-24 08:03:26,0,0
2025-12-24 09:04:23,0,0
2025-12-24 10:02:24,0,0
2025-12-24 11:02:18,0,0
2025-12-24 12:03:45,0,0
2025-12-24 13:11:42,0,0
2025-12-24 14:02:18,0,0
2025-12-24 15:02:31,0,0
2025-12-24 16:03:10,0,0
2025-12-24 17:02:14,0,0
2025-12-24 18:03:28,0,0
2025-12-24 19:02:16,0,0
2025-12-24 20:02:19,0,0
2025-12-24 21:02:11,0,0
2025-12-24 22:02:11,0,1
2025-12-24 23:02:18,0,0
2025-12-25 00:10:02,0,0
2025-12-25 01:30:48,0,0
2025-12-25 02:36:22,0,0
2025-12-25 03:29:59,0,0
2025-12-25 04:14:21,0,0
2025-12-25 05:04:22,0,0
2025-12-25 06:03:33,0,0
2025-12-25 07:03:43,0,0
2025-12-25 08:03:20,0,0
2025-12-25 09:03:36,0,0
2025-12-25 10:02:28,0,0
2025-12-25 11:02:13,0,0
2025-12-25 12:03:41,0,0
2025-12-25 13:11:53,0,0
2025-12-25 14:02:13,0,0
2025-12-25 15:02:19,0,0
2025-12-25 16:02:46,0,0
2025-12-25 17:02:22,0,0
2025-12-25 18:03:20,0,0
2025-12-25 19:02:26,0,0
2025-12-25 20:02:25,0,0
2025-12-25 21:02:12,0,0
2025-12-25 22:02:10,0,0
2025-12-25 23:02:17,0,0
2025-12-26 00:10:07,0,0
2025-12-26 01:30:33,0,0
2025-12-26 02:35:12,0,0
2025-12-26 03:29:40,0,0
2025-12-26 04:12:15,0,0
2025-12-26 05:03:44,0,0
2025-12-26 06:03:42,0,0
2025-12-26 07:04:09,0,0
2025-12-26 08:03:23,0,0
2025-12-26 09:03:09,0,0
2025-12-26 10:03:06,0,0
2025-12-26 11:02:26,0,0
2025-12-26 12:03:45,0,0
2025-12-26 13:11:51,0,0
2025-12-26 14:02:18,0,0
2025-12-26 15:02:18,0,0
2025-12-26 16:02:28,0,0
2025-12-26 17:02:08,0,0
2025-12-26 18:03:24,0,0
2025-12-26 19:02:07,0,0
2025-12-26 20:02:21,0,0
2025-12-26 21:02:09,0,0
2025-12-26 22:02:16,0,0
2025-12-26 23:02:10,0,0
2025-12-27 00:10:06,0,0
2025-12-27 01:30:25,0,0
2025-12-27 02:33:18,0,0
2025-12-27 03:29:15,0,0
2025-12-27 04:09:59,0,0
2025-12-27 05:03:27,0,0
2025-12-27 06:03:30,0,0
2025-12-27 07:02:29,0,0
2025-12-27 08:03:19,0,0
2025-12-27 09:02:22,0,0
2025-12-27 10:02:14,0,0
2025-12-27 11:02:07,0,0
2025-12-27 12:04:31,0,0
2025-12-27 13:10:06,0,0
2025-12-27 14:02:12,0,0
2025-12-27 15:02:10,0,0
2025-12-27 16:02:17,0,0
2025-12-27 17:02:05,0,0
2025-12-27 18:03:16,0,0
2025-12-27 19:01:54,0,0
2025-12-27 20:02:26,0,0
2025-12-27 21:02:03,0,0
2025-12-27 22:02:01,0,0
2025-12-27 23:02:12,0,0
2025-12-28 00:11:47,0,0
2025-12-28 01:31:05,0,0
2025-12-28 02:44:33,0,0
2025-12-28 03:32:13,0,0
2025-12-28 04:19:06,0,0
2025-12-28 05:06:06,0,0
2025-12-28 06:03:27,0,0
2025-12-28 07:02:53,0,0
2025-12-28 08:03:25,0,0
2025-12-28 09:02:33,0,0
2025-12-28 10:02:16,0,0
2025-12-28 11:02:13,0,0
2025-12-28 12:03:49,0,0
2025-12-28 13:10:47,0,0
2025-12-28 14:02:11,0,0
2025-12-28 15:02:17,0,0
2025-12-28 16:02:22,0,0
2025-12-28 17:02:17,0,0
2025-12-28 18:03:25,0,0
2025-12-28 19:01:56,0,0
2025-12-28 20:02:31,0,0
2025-12-28 21:02:07,0,0
2025-12-28 22:02:17,0,0
2025-12-28 23:02:23,0,0
2025-12-29 00:10:46,0,0
2025-12-29 01:31:01,0,0
2025-12-29 02:43:20,0,0
2025-12-29 03:32:29,0,0
2025-12-29 04:21:04,0,0
2025-12-29 05:08:40,0,0
2025-12-29 06:04:19,0,0
2025-12-29 07:05:58,0,0
2025-12-29 08:03:37,0,0
2025-12-29 09:05:20,0,0
2025-12-29 10:02:41,0,0
2025-12-29 11:02:22,0,0
2025-12-29 12:03:58,0,0
2025-12-29 13:14:25,0,0
2025-12-29 14:02:48,0,0
2025-12-29 15:02:36,0,0
2025-12-29 16:03:08,0,0
2025-12-29 17:02:19,0,0
2025-12-29 18:03:38,0,0
2025-12-29 19:02:05,0,0
2025-12-29 20:02:30,0,0
2025-12-29 21:02:08,0,0
2025-12-29 22:02:20,0,0
2025-12-29 23:02:19,0,0
2025-12-30 00:10:07,0,0
2025-12-30 01:30:46,0,0
2025-12-30 02:36:53,0,0
2025-12-30 03:29:58,0,0
2025-12-30 04:15:09,0,0
2025-12-30 05:05:35,0,0
2025-12-30 06:03:34,0,0
2025-12-30 07:04:15,0,0
2025-12-30 08:03:36,0,0
2025-12-30 09:04:40,0,0
2025-12-30 10:02:30,0,0
2025-12-30 11:02:15,0,0
2025-12-30 12:03:48,0,0
2025-12-30 13:14:08,0,0
2025-12-30 14:02:22,0,0
2025-12-30 15:02:44,0,0
2025-12-30 16:02:29,0,0
2025-12-30 17:03:48,0,0
2025-12-30 18:03:33,0,0
2025-12-30 19:03:03,0,0
2025-12-30 20:02:32,0,0
2025-12-30 21:02:24,0,0
2025-12-30 22:02:17,0,0
2025-12-30 23:02:09,0,0
2025-12-31 00:10:17,0,0
2025-12-31 01:30:36,0,0
2025-12-31 02:36:19,0,0
2025-12-31 03:29:46,0,0
2025-12-31 04:14:49,0,0
2025-12-31 05:05:13,0,0
2025-12-31 06:03:40,0,0
2025-12-31 07:04:10,0,0
2025-12-31 08:03:32,0,0
2025-12-31 09:04:27,0,0
2025-12-31 10:02:27,0,0
2025-12-31 11:02:21,0,0
2025-12-31 12:03:47,0,0
2025-12-31 13:12:22,0,0
2025-12-31 14:02:31,0,0
2025-12-31 15:02:30,0,0
2025-12-31 16:02:44,0,0
2025-12-31 17:02:21,0,0
2025-12-31 18:03:26,0,0
2025-12-31 19:01:51,0,0
2025-12-31 20:02:26,0,0
2025-12-31 21:02:06,0,0
2025-12-31 22:02:18,0,0
2025-12-31 23:02:14,0,0
2026-01-01 00:11:42,0,0
2026-01-01 01:31:23,0,0
2026-01-01 02:45:19,0,0
2026-01-01 03:32:41,0,0
2026-01-01 04:20:33,0,0
2026-01-01 05:07:35,0,0
2026-01-01 06:03:41,0,0
2026-01-01 07:04:24,0,0
2026-01-01 08:03:27,0,0
2026-01-01 09:04:24,0,0
2026-01-01 10:02:34,0,0
2026-01-01 11:02:14,0,0
2026-01-01 12:03:46,0,0
2026-01-01 13:12:48,0,0
2026-01-01 14:02:16,0,0
2026-01-01 15:02:23,0,0
2026-01-01 16:02:46,0,0
2026-01-01 17:02:53,0,0
2026-01-01 18:03:32,0,0
2026-01-01 19:02:36,0,0
2026-01-01 20:02:31,0,0
2026-01-01 21:02:16,0,0
2026-01-01 22:02:18,0,0
2026-01-01 23:02:20,0,0
2026-01-02 00:10:14,0,0
2026-01-02 01:30:29,0,0
2026-01-02 02:38:12,0,0
2026-01-02 03:30:52,0,0
2026-01-02 04:16:22,0,0
2026-01-02 05:05:55,0,0
2026-01-02 06:03:41,0,0
2026-01-02 07:04:33,0,0
2026-01-02 08:03:27,0,0
2026-01-02 09:04:18,0,0
2026-01-02 10:02:26,0,0
2026-01-02 11:02:11,0,0
2026-01-02 12:03:55,0,0
2026-01-02 13:12:15,0,0
2026-01-02 14:02:38,0,0
2026-01-02 15:02:27,0,0
2026-01-02 16:02:42,0,0
2026-01-02 17:02:46,0,0
2026-01-02 18:03:27,0,0
2026-01-02 19:02:07,0,0
2026-01-02 20:02:21,0,0
2026-01-02 21:02:08,0,0
2026-01-02 22:02:07,0,0
2026-01-02 23:02:19,0,0
2026-01-03 00:09:53,0,0
2026-01-03 01:30:18,0,0
2026-01-03 02:33:16,0,0
2026-01-03 03:28:31,0,0
2026-01-03 04:10:07,0,0
2026-01-03 05:03:25,0,0
2026-01-03 06:03:29,0,0
2026-01-03 07:02:40,0,0
2026-01-03 08:02:34,0,0
2026-01-03 09:02:20,0,0
2026-01-03 10:02:08,0,0
2026-01-03 11:02:03,0,0
2026-01-03 12:03:35,0,0
2026-01-03 13:10:18,0,0
2026-01-03 14:02:12,0,0
2026-01-03 15:02:21,0,0
2026-01-03 16:02:15,0,0
2026-01-03 17:02:05,0,0
2026-01-03 18:03:19,0,0
2026-01-03 19:02:00,0,0
2026-01-03 20:02:21,0,0
2026-01-03 21:02:08,0,0
2026-01-03 22:02:15,0,0
2026-01-03 23:02:17,0,0
2026-01-04 00:11:32,0,0
2026-01-04 01:31:21,0,0
2026-01-04 02:46:03,0,0
2026-01-04 03:32:37,0,0
2026-01-04 04:21:21,0,0
2026-01-04 05:07:33,0,0
2026-01-04 06:03:33,0,0
2026-01-04 07:03:28,0,0
2026-01-04 08:03:29,0,0
2026-01-04 09:02:20,0,0
2026-01-04 10:02:15,0,1
2026-01-04 11:02:12,0,1
2026-01-04 12:03:43,0,0
2026-01-04 13:10:36,0,0
2026-01-04 14:02:06,0,0
2026-01-04 15:02:12,0,0
2026-01-04 16:02:21,0,0
2026-01-04 17:02:07,0,0
2026-01-04 18:03:20,0,0
2026-01-04 19:02:02,0,0
2026-01-04 20:02:29,0,0
2026-01-04 21:02:13,0,0
2026-01-04 22:02:15,0,0
2026-01-04 23:02:23,0,0
2026-01-05 00:11:06,0,0
2026-01-05 01:31:05,0,0
2026-01-05 02:46:16,0,0
2026-01-05 03:35:05,0,0
2026-01-05 04:24:56,0,0
2026-01-05 05:12:49,0,0
2026-01-05 06:05:42,0,0
2026-01-05 07:08:12,0,0
2026-01-05 08:03:45,0,0
2026-01-05 09:06:24,0,0
2026-01-05 10:03:14,0,0
2026-01-05 11:02:46,0,0
2026-01-05 12:04:00,0,0
2026-01-05 13:15:25,0,0
2026-01-05 14:03:59,0,0
2026-01-05 15:03:19,0,0
2026-01-05 16:03:15,0,0
2026-01-05 17:04:48,0,0
2026-01-05 18:03:55,0,0
2026-01-05 19:03:43,0,0
2026-01-05 20:02:37,0,0
2026-01-05 21:02:31,0,1
2026-01-05 22:02:22,0,0
2026-01-05 23:02:15,0,0
2026-01-06 00:10:41,0,0
2026-01-06 01:30:26,0,0
2026-01-06 02:37:50,0,0
2026-01-06 03:30:25,0,0
2026-01-06 04:15:56,0,0
2026-01-06 05:05:05,0,0
2026-01-06 06:03:40,0,0
2026-01-06 07:06:01,0,0
2026-01-06 08:03:32,0,0
2026-01-06 09:05:14,0,0
2026-01-06 10:02:52,0,0
2026-01-06 11:02:21,0,0
2026-01-06 12:03:54,0,0
2026-01-06 13:14:03,0,0
2026-01-06 14:03:02,0,0
2026-01-06 15:02:54,0,0
2026-01-06 16:03:21,0,0
2026-01-06 17:05:10,0,0
2026-01-06 18:03:41,0,0
2026-01-06 19:02:07,0,0
2026-01-06 20:02:35,0,0
2026-01-06 21:02:27,0,0
2026-01-06 22:02:23,0,0
2026-01-06 23:02:24,0,0
2026-01-07 00:09:04,0,0
2026-01-07 01:30:50,0,0
2026-01-07 02:38:19,0,0
2026-01-07 03:30:40,0,0
2026-01-07 04:16:24,0,0
2026-01-07 05:05:59,0,0
2026-01-07 06:03:37,0,0
2026-01-07 07:05:08,0,0
2026-01-07 08:03:31,0,0
2026-01-07 09:06:12,0,0
2026-01-07 10:02:40,0,0
2026-01-07 11:02:28,0,0
2026-01-07 12:03:57,0,0
2026-01-07 13:14:40,0,0
2026-01-07 14:03:34,0,0
2026-01-07 15:03:31,0,0
2026-01-07 16:03:39,0,0
2026-01-07 17:05:27,0,0
2026-01-07 18:03:52,0,0
2026-01-07 19:04:02,0,0
2026-01-07 20:02:34,0,0
2026-01-07 21:02:22,0,0
2026-01-07 22:02:12,0,0
2026-01-07 23:02:21,0,0
2026-01-08 00:10:37,0,0
2026-01-08 01:30:27,0,0
2026-01-08 02:37:35,0,0
2026-01-08 03:30:20,0,0
2026-01-08 04:15:50,0,0
2026-01-08 05:05:10,0,0
2026-01-08 06:03:41,0,0
2026-01-08 07:05:02,0,0
2026-01-08 08:03:28,0,0
2026-01-08 09:05:37,0,0
2026-01-08 10:03:08,0,0
2026-01-08 11:02:43,0,0
2026-01-08 12:03:56,0,0
2026-01-08 13:14:53,0,0
2026-01-08 14:04:12,0,0
2026-01-08 15:03:50,0,0
2026-01-08 16:03:46,0,0
2026-01-08 17:06:08,0,0
2026-01-08 18:03:19,0,0
2026-01-08 19:03:38,0,0
2026-01-08 20:02:40,0,0
2026-01-08 21:02:24,0,0
2026-01-08 22:02:19,0,0
2026-01-08 23:02:19,0,0
2026-01-09 00:10:08,0,0
2026-01-09 01:30:37,0,0
2026-01-09 02:38:11,0,0
2026-01-09 03:30:33,0,0
2026-01-09 04:16:07,0,0
2026-01-09 05:05:37,0,0
2026-01-09 06:03:32,0,0
2026-01-09 07:05:30,0,0
2026-01-09 08:03:35,0,0
2026-01-09 09:05:11,0,0
2026-01-09 10:02:26,0,0
2026-01-09 11:02:33,0,0
2026-01-09 12:03:54,0,0
2026-01-09 13:14:24,0,0
2026-01-09 14:03:20,0,0
2026-01-09 15:02:40,0,0
2026-01-09 16:02:43,0,0
2026-01-09 17:04:41,0,0
2026-01-09 18:03:52,0,0
2026-01-09 19:03:59,0,0
2026-01-09 20:02:28,0,0
2026-01-09 21:02:26,0,0
2026-01-09 22:02:24,0,0
2026-01-09 23:02:18,0,0
2026-01-10 00:10:04,0,0
2026-01-10 01:30:27,0,0
2026-01-10 02:34:19,0,0
2026-01-10 03:29:08,0,0
2026-01-10 04:11:16,0,0
2026-01-10 05:03:03,0,0
2026-01-10 06:03:22,0,0
2026-01-10 07:02:27,0,0
2026-01-10 08:03:20,0,0
2026-01-10 09:02:25,0,0
2026-01-10 10:02:13,0,0
2026-01-10 11:02:08,0,0
2026-01-10 12:03:33,0,0
2026-01-10 13:10:27,0,0
2026-01-10 14:02:12,0,0
2026-01-10 15:02:08,0,0
2026-01-10 16:02:25,0,0
2026-01-10 17:02:14,0,0
2026-01-10 18:03:28,0,0
2026-01-10 19:02:04,0,0
2026-01-10 20:02:16,0,0
2026-01-10 21:02:07,0,0
2026-01-10 22:02:10,0,0
2026-01-10 23:02:26,0,0
2026-01-11 00:11:37,0,0
2026-01-11 01:31:12,0,0
2026-01-11 02:45:38,0,0
2026-01-11 03:32:32,0,0
2026-01-11 04:20:31,0,0
2026-01-11 05:06:51,0,0
2026-01-11 06:03:31,0,0
2026-01-11 07:03:27,0,0
2026-01-11 08:03:15,0,0
2026-01-11 09:02:18,0,0
2026-01-11 10:02:13,0,0
2026-01-11 11:02:04,0,0
2026-01-11 12:03:43,0,0
2026-01-11 13:10:57,0,0
2026-01-11 14:02:04,0,0
2026-01-11 15:02:17,0,0
2026-01-11 16:02:26,0,0
2026-01-11 17:02:03,0,0
2026-01-11 18:03:22,0,0
2026-01-11 19:02:02,0,0
2026-01-11 20:02:24,0,0
2026-01-11 21:02:11,0,0
2026-01-11 22:02:16,0,0
2026-01-11 23:02:17,0,0
2026-01-12 00:10:34,0,0
2026-01-12 01:30:54,0,0
2026-01-12 02:43:00,0,0
2026-01-12 03:32:24,0,0
2026-01-12 04:21:26,0,0
2026-01-12 05:09:15,0,0
2026-01-12 06:04:39,0,0
2026-01-12 07:07:01,0,0
2026-01-12 08:03:38,0,0
2026-01-12 09:06:28,0,0
2026-01-12 10:03:37,0,0
2026-01-12 11:02:46,0,0
2026-01-12 12:04:05,0,0
2026-01-12 13:15:51,0,0
2026-01-12 14:04:58,0,0
2026-01-12 15:04:31,0,0
2026-01-12 16:03:33,0,0
2026-01-12 17:05:03,0,0
2026-01-12 18:03:35,0,0
2026-01-12 19:04:24,0,0
2026-01-12 20:02:13,0,0
2026-01-12 21:02:25,0,0
2026-01-12 22:02:19,0,0
2026-01-12 23:02:12,0,0
